x0,x1,Duration
2.3573,-0.3484,14.4549
-0.8888,-2.0423,16.9153
-0.9531,-0.5144,15.7576
-2.0007,1.1066,15.3108
-0.8659,0.6475,15.1579
-0.7793,0.2586,15.2804
0.9796,0.4829,14.5411
0.5485,-0.9766,15.2324
-1.6261,0.6667,15.3959
-1.1775,1.8236,14.9017
0.9892,-0.2555,14.8375
0.7667,-1.1760,15.2128
0.3534,-1.3665,15.4574
0.6724,0.1368,14.8015
1.0579,-0.1397,14.7718
-1.3820,-2.0701,17.6418
-0.4775,-0.8654,15.6861
-0.1710,1.1072,14.7672
-2.0293,-1.3193,17.4969
-0.0430,1.5934,14.5482
-1.2415,-1.4953,16.7984
-1.3089,-0.3750,15.8700
-1.1578,2.4685,14.7648
0.4663,-1.6864,15.5167
0.5267,-1.3020,15.3521
-0.1198,2.4836,14.2852
1.0821,-0.7553,14.9771
-1.3364,0.8056,15.2472
-2.1535,-0.3594,16.3840
-0.0102,-0.0933,15.1298
-0.8730,-1.4413,16.3713
0.4387,0.7639,14.6482
2.7919,-2.2124,14.9571
-2.0928,-2.0217,18.7485
1.1245,-1.1788,15.0902
-0.1058,0.6392,14.9020
-0.0324,-0.6942,15.3742
2.3693,1.8465,12.4101
-0.1111,0.1786,15.0667
0.4173,1.3753,14.4041
-1.8045,-0.7348,16.5285
0.5860,-1.7695,15.4825
0.7693,-0.7627,15.0812
0.8561,0.0398,14.7728
-0.1809,-1.3527,15.7610
0.7042,-1.6930,15.3996
-0.7041,1.7938,14.7600
2.9784,0.2501,13.8240
-2.7805,0.0201,16.3361
1.0784,-3.2619,15.6006
-2.0081,1.0532,15.3343
1.1095,-1.5142,15.1865
-1.1820,-0.7907,16.1004
-0.7867,0.5667,15.1614
0.0008,1.6552,14.5053
-0.2392,-0.0611,15.2043
1.7694,-1.9893,15.0987
-0.8103,-1.3944,16.2763
0.4278,0.1248,14.8933
1.0929,-0.1812,14.7758
-1.5403,0.4070,15.4949
-0.3223,-0.7783,15.5544
-1.4728,0.5108,15.4185
0.8394,-0.7344,15.0483
-1.7010,0.4572,15.5269
-0.7549,0.6441,15.1225
-0.3523,-2.1308,16.3617
-1.9515,0.5612,15.5574
-0.3285,0.2700,15.1115
0.9608,-0.3995,14.8976
0.8758,2.3113,13.5748
-1.3654,2.2567,14.8630
3.7254,0.2280,13.5835
-1.6541,-1.4246,17.1922
-1.1944,1.1080,15.0999
1.3322,2.2452,13.1516
1.4552,-0.2102,14.6682
0.9224,1.2027,14.2074
-0.7698,-2.2340,16.9327
-0.1114,-2.0916,16.1048
-0.7530,-0.4717,15.6225
-1.0350,-0.7529,15.9689
0.0302,1.3742,14.5925
0.4881,1.4400,14.3370
0.7793,-1.5117,15.3108
-0.0199,-0.5040,15.2913
-1.0771,0.0345,15.5040
-1.2430,-2.2757,17.6716
0.0095,-0.0135,15.0930
0.1588,-0.4223,15.1878
-0.9952,-0.5976,15.8361
0.9925,0.0056,14.7381
-0.7279,0.3024,15.2434
0.0280,-1.0887,15.5124
-0.2293,2.4596,14.3589
-2.4660,0.7027,15.6390
2.4428,-0.2344,14.3670
0.4580,0.3507,14.7995
2.0149,3.0906,11.3394
1.4527,0.7830,14.1560
0.6054,0.8017,14.5614
-1.4600,2.9178,14.7856
0.5711,-0.3215,15.0013
0.4353,2.4191,13.9090
0.5473,0.0416,14.8811
-1.4876,1.4896,15.0637
1.6277,0.2279,14.3990
1.0226,-0.7768,15.0024
0.3617,-0.1824,15.0263
1.1108,0.5560,14.4498
-0.4115,0.3323,15.1181
-0.9405,-0.9921,16.0767
1.5904,-0.1059,14.5782
0.7146,-0.7339,15.0907
0.0497,-2.4162,16.1261
1.1931,-3.0542,15.4977
-0.3620,1.0778,14.8469
-0.5170,1.2606,14.8444
-0.1763,-0.2011,15.2348
-0.6040,-0.4085,15.5138
-0.0972,-0.9485,15.5159
0.2717,-0.5367,15.1860
-1.1214,-0.3529,15.7497
-0.9217,-0.4637,15.7088
-1.1780,0.6403,15.2626
-0.3987,-0.2439,15.3438
-1.7291,0.7907,15.3711
-0.7776,0.2846,15.2689
1.8519,-0.7720,14.7690
1.0526,0.1000,14.6788
-0.2387,1.0411,14.8143
0.4175,1.0252,14.5519
0.9802,-0.0493,14.7637
-0.8877,-0.1559,15.5188
-0.7417,0.4779,15.1795
-0.0492,-0.9346,15.4850
1.3132,1.5864,13.6921
-1.6295,0.4585,15.5003
0.8239,2.0600,13.7775
1.4886,1.9387,13.2489
0.7826,2.2107,13.7228
0.0367,0.6122,14.8600
2.9348,-2.4836,14.9781
-0.9438,-1.5993,16.5764
0.8859,0.4167,14.6088
1.4052,-0.8016,14.8967
-3.5907,-0.3500,17.2662
0.3987,-0.8805,15.2593
-0.1281,0.1334,15.0894
-0.0154,0.3306,14.9780
-0.2662,0.8706,14.8805
1.6407,0.6317,14.1539
-1.3604,0.2715,15.4972
0.5829,-0.1251,14.9284
0.2534,1.9114,14.2674
0.2014,-0.7429,15.2908
-0.4844,1.4135,14.7871
-0.6295,-1.0125,15.8681
-0.9556,-0.3447,15.6563
3.2661,-2.0780,14.8891
-0.4753,0.3182,15.1461
-1.9022,1.7761,15.0805
-0.7635,1.3006,14.9144
0.2696,-0.4918,15.1705
0.1087,0.3105,14.9408
0.8752,2.9308,13.1860
-0.2113,0.2435,15.0792
1.3935,1.2871,13.8516
-0.9607,-1.0854,16.1633
-0.7118,2.1879,14.6646
1.0431,0.9943,14.2539
1.8506,-0.6676,14.7320
0.1614,-0.9350,15.3829
2.8174,-1.1953,14.7185
-0.5283,1.3948,14.8084
-2.4194,0.0727,16.1062
-0.2401,0.7334,14.9174
0.1817,1.1686,14.6010
-1.3095,0.5951,15.3247
0.0254,0.7962,14.7994
0.7102,-1.3764,15.2976
0.2516,-0.2961,15.1067
1.5829,-1.5752,15.0595
0.8703,1.0710,14.3067
-0.4555,2.6557,14.4308
1.6374,0.2254,14.3965
-0.6165,1.5319,14.7999
-1.2120,0.2481,15.4507
0.1463,-0.2488,15.1286
-1.2495,-1.9587,17.3136
0.0745,-0.8350,15.3830
1.7424,-0.9446,14.8527
-0.0707,-0.9922,15.5218
2.2829,1.0240,13.4477
-0.1904,3.4142,14.0606
2.1526,-0.5953,14.6259
-0.9787,-0.1263,15.5452
-1.3598,-2.2964,17.8901
2.9913,0.3112,13.7621
1.4448,1.4237,13.7123
1.8416,-1.0674,14.8661
-1.5432,-1.3123,16.9294
-2.2407,1.0322,15.4012
-0.5028,-1.0851,15.8269
1.6175,3.1979,11.9142
0.3767,-0.3469,15.0790
0.9134,0.6568,14.4894
0.5038,-2.0173,15.6138
-1.6387,-1.2709,16.9845
-2.9521,-0.2965,16.8204
-0.0848,-1.0011,15.5333
-0.4009,-0.5889,15.5027
1.2882,-1.9535,15.2325
-2.9305,-0.6225,17.2936
0.2650,-0.8730,15.3127
0.7959,-1.7436,15.3731
1.1459,-2.6667,15.4451
-0.6452,1.3706,14.8556
-0.4130,-0.3206,15.3837
-1.9186,1.2200,15.2485
0.0368,-1.0923,15.5094
-0.7524,-2.0423,16.7457
-0.5810,1.3552,14.8383
0.1288,0.4536,14.8826
1.6348,-0.6239,14.7739
0.0122,-1.5032,15.7095
-0.0405,0.1136,15.0649
-1.1216,1.4185,14.9880
2.6375,-0.9532,14.6624
-1.3322,1.1423,15.1270
0.0706,-0.2986,15.1757
-0.7076,-1.2602,16.0900
-0.0161,-0.9970,15.4954
-1.4216,-0.8366,16.3216
1.2169,0.8620,14.2348
-0.7318,0.9154,15.0224
0.7514,1.1089,14.3509
0.3770,-0.8564,15.2595
-0.8438,0.1742,15.3414
3.2834,1.5872,11.8905
0.0110,0.4726,14.9184
1.2642,1.2097,13.9922
1.1813,-0.2229,14.7624
-1.6960,2.2359,14.9448
-1.3636,-1.2269,16.6498
-2.2604,1.1065,15.3728
-0.8635,0.8445,15.0877
-1.4138,-1.5528,17.0600
0.0108,-1.2888,15.6110
1.0720,-0.8071,14.9964
-0.0438,0.5142,14.9234
0.6580,1.2180,14.3478
0.7715,-1.1320,15.1973
1.9397,0.1358,14.3265
0.4101,1.1508,14.5034
0.1111,0.6659,14.8134
1.4722,0.0979,14.5253
0.1945,0.0089,15.0179
-3.6206,-1.2933,19.2906
-2.0866,-0.9652,17.0577
-1.0221,0.6040,15.2258
-0.5999,0.4961,15.1238
-1.2313,-1.8638,17.1820
0.0893,1.1195,14.6589
0.4544,1.6760,14.2482
0.5728,-0.4183,15.0342
1.8562,-1.6478,15.0099
-0.4365,0.4282,15.0918
-0.8891,1.3792,14.9311
0.9109,-0.5840,14.9760
-0.9139,-1.4296,16.4004
-0.2954,-0.1550,15.2638
0.2178,0.5077,14.8307
-0.1193,-0.4086,15.2947
0.3117,2.0097,14.1881
0.9987,-0.0907,14.7732
-0.2513,0.2679,15.0846
-0.7818,-0.0813,15.4342
1.4718,0.9238,14.0540
0.3360,-0.3213,15.0847
1.9507,-0.5467,14.6588
-1.8243,0.8283,15.3822
-0.1798,-1.0197,15.5939
3.1866,-1.8115,14.8434
-0.3247,-0.3232,15.3464
-0.8037,-0.9150,15.9239
0.3912,0.7881,14.6583
0.7076,-0.3807,14.9749
1.3302,0.2308,14.5162
-1.0121,1.1950,15.0208
-0.5263,-2.0935,16.5235
-0.3015,0.6091,14.9813
-1.6646,-0.8408,16.5250
-0.6562,-0.3060,15.4875
0.1950,-0.3903,15.1620
0.0728,-1.4821,15.6616
-0.1212,1.2908,14.6861
-3.7092,-0.1046,16.9273
0.3472,-1.1095,15.3644
2.3124,1.6925,12.6672
2.1870,1.3122,13.2210
-0.7891,0.7094,15.1106
-2.2573,-1.3970,17.9032
1.0232,-1.5125,15.2164
-1.0093,2.1463,14.7805
0.6558,-1.5009,15.3607
2.5931,0.1785,14.0378
0.8721,-0.6342,15.0051
-0.3025,-2.6257,16.6251
0.2561,0.4212,14.8479
-1.1642,-0.1697,15.6585
-1.2996,-2.3204,17.8184
0.1145,-1.9047,15.8271
-0.8215,-0.9799,15.9805
1.3925,-0.8831,14.9256
-0.1759,1.1851,14.7431
2.7272,2.4984,10.9917
0.1696,-0.1537,15.0854
-0.7021,0.3442,15.2174
1.4806,1.8938,13.2959
0.1887,0.2643,14.9287
0.2210,-0.7315,15.2783
2.8676,0.5043,13.6296
0.0127,-0.6864,15.3506
-0.0866,-0.4954,15.3162
3.4822,0.1437,13.7451
0.6036,-0.2767,14.9745
-0.8934,0.9067,15.0762
1.2810,-0.2052,14.7230
2.0012,1.1736,13.5045
-0.3438,-3.3134,17.1047
1.5853,0.2675,14.3950
-1.0148,-1.1075,16.2248
-2.3769,-0.2909,16.4538
1.5862,-0.5945,14.7769
0.3278,-1.6533,15.5815
-0.9054,-0.7553,15.8847
0.3379,-1.1168,15.3714
2.0284,0.8608,13.7654
0.1494,-0.8157,15.3414
-0.1579,-1.4186,15.7798
0.2631,-0.3922,15.1370
0.8713,-0.2194,14.8636
-1.5906,1.1937,15.1779
-0.0963,-0.6592,15.3887
1.0496,0.8965,14.3037
0.0194,1.3117,14.6196
1.1784,3.0272,12.7271
-0.8673,-0.1586,15.5108
0.2772,0.8049,14.6983
-0.2936,-0.3216,15.3324
0.3589,0.9173,14.6211
-0.3430,-2.0837,16.3216
-1.5333,0.9854,15.2359
-0.0742,1.5418,14.5805
-1.9427,-0.1811,16.0833
-0.4785,-1.4348,16.0243
-0.0638,-0.8602,15.4597
0.6479,2.6662,13.5893
-1.4244,-1.6345,17.1686
-0.2034,0.1166,15.1231
2.1990,1.0009,13.5282
-0.0341,-2.8472,16.4302
-0.3403,-1.5714,15.9988
-1.1264,0.7561,15.2013
1.1624,-0.7185,14.9409
-3.8806,0.9065,15.8279
-1.1188,0.9509,15.1297
0.3613,-0.0059,14.9637
0.3655,2.3274,14.0075
-0.1557,0.8400,14.8512
0.1981,-0.8637,15.3384
-0.0061,-0.7651,15.3916
0.0609,-0.7933,15.3723
-0.8684,-0.9543,15.9963
-0.7955,0.6242,15.1432
-1.0577,1.7028,14.8964
0.3008,2.1598,14.1298
0.6536,-1.6848,15.4210
0.3238,-0.3219,15.0894
-1.5181,-0.1228,15.8071
-0.1761,-1.1776,15.6690
-0.1355,2.4497,14.3060
1.0532,0.5069,14.4987
0.8274,1.0475,14.3414
2.0203,-1.8763,15.0214
-0.2405,1.2180,14.7572
0.1033,1.0994,14.6604
-0.6606,1.9466,14.7046
0.6330,-2.0981,15.5655
-1.0324,0.1801,15.4128
0.0141,-2.2553,16.0783
0.5507,-1.1933,15.3047
0.6429,0.0899,14.8295
-0.1815,-1.5213,15.8503
1.5345,0.4252,14.3296
-0.7659,0.8130,15.0673
4.2627,-0.9232,14.4258
-1.6066,-0.8088,16.4441
0.1046,-0.1972,15.1253
-0.1866,0.6219,14.9367
-0.1571,-0.1201,15.1956
-0.3240,-0.1416,15.2698
-1.4760,-0.7452,16.2802
0.3704,-0.4534,15.1189
-0.6149,0.3526,15.1829
0.8658,1.1077,14.2901
1.9496,1.4622,13.2659
-0.6397,0.2084,15.2491
0.7678,-1.0065,15.1594
-0.9034,1.6829,14.8548
-0.2104,0.3358,15.0454
1.6133,-0.1229,14.5782
2.1397,0.8550,13.7017
1.8885,-0.4006,14.6150
0.3847,2.6828,13.8291
0.7829,1.1975,14.2896
-1.0389,0.6215,15.2245
0.7127,-2.4669,15.6331
-0.4608,-0.7053,15.5917
-0.0619,-0.7942,15.4302
-0.7994,3.1821,14.4965
0.0916,-1.6371,15.7200
-0.1347,1.8180,14.5150
2.0444,0.5028,14.0393
0.3739,0.6872,14.7043
0.1511,1.7151,14.4057
0.6848,-1.3202,15.2904
1.4732,0.8949,14.0724
-1.3136,1.9298,14.9146
-2.0764,-1.2089,17.3894
1.3972,1.1969,13.9132
-1.2149,0.6112,15.2866
0.4072,-1.0068,15.3007
0.1445,-0.5758,15.2510
-1.6405,-1.0936,16.7787
1.1443,-0.9036,15.0039
0.1492,0.0899,15.0051
-0.6280,-0.2535,15.4489
1.1748,0.6638,14.3653
2.7084,0.0531,14.0893
-0.8761,-0.5316,15.7243
-0.6761,0.1801,15.2744
0.6256,1.2735,14.3389
1.8030,0.2825,14.2955
0.7514,2.7726,13.4218
0.2049,2.1280,14.2080
-0.4728,-0.6932,15.5919
-1.1101,1.5056,14.9614
1.6721,0.8300,14.0023
-0.5273,-2.2280,16.6238
1.1206,0.8811,14.2750
0.6086,0.0504,14.8562
-0.7271,2.4261,14.6154
-1.1442,1.6726,14.9283
1.0804,1.0412,14.2070
0.6986,-0.9117,15.1542
-0.5293,-0.2624,15.4088
-0.0851,-0.0243,15.1320
0.5989,0.0116,14.8737
-1.2088,-1.0233,16.3154
-0.0554,-2.7334,16.3957
-1.3707,-1.5775,17.0366
-0.3028,0.0246,15.1952
-3.2307,-0.6329,17.5358
0.5025,-0.3637,15.0400
-0.1108,-0.3252,15.2578
0.9596,0.6307,14.4811
-0.6748,1.7962,14.7489
-1.0405,-1.2212,16.3411
2.4749,0.2562,14.0266
-0.7052,0.3135,15.2307
-0.3537,0.3496,15.0913
0.9373,-0.8614,15.0562
1.2335,0.2201,14.5590
0.2650,1.9777,14.2321
-0.0053,-0.9489,15.4690
-0.7380,-0.0357,15.3940
0.0126,0.7566,14.8181
-0.5095,-1.9623,16.4103
-1.0440,0.6611,15.2110
0.5187,1.2457,14.4084
0.9641,-0.4207,14.9039
3.5742,-1.2910,14.6556
-0.1721,-0.5088,15.3591
0.8812,-1.7075,15.3256
0.9830,2.1768,13.5603
-0.8658,-1.3480,16.2895
0.0244,1.2545,14.6378
0.3478,-0.1996,15.0373
1.0018,0.7285,14.4142
0.5028,1.4564,14.3212
0.0099,-1.2817,15.6083
2.3318,-1.3333,14.8408
0.5588,-0.3814,15.0263
1.1182,1.2159,14.0814
-0.8008,1.4637,14.8803
1.3410,0.8168,14.1952
1.8810,-0.7471,14.7530
0.6675,-0.1440,14.9059
1.7504,1.0673,13.7739
1.7693,-2.8570,15.2347
-1.4556,1.7680,14.9861
1.6031,-0.9517,14.8900
0.4876,-0.5873,15.1226
-0.9277,-0.8745,15.9819
0.3720,-0.0798,14.9863
0.7967,2.9884,13.2460
-0.9270,2.4745,14.6843
-1.8345,1.9041,15.0378
-2.0318,-1.9007,18.4333
-1.0668,0.6577,15.2197
0.0656,-1.7031,15.7679
-0.0742,-0.1700,15.1828
1.0607,-0.5968,14.9326
-0.5259,0.8464,14.9777
0.7471,-0.8455,15.1156
-1.2159,-0.9796,16.2831
1.5445,1.4210,13.6373
2.9798,0.9926,13.0088
-0.0045,1.5678,14.5391
-1.7891,0.9946,15.3016
-2.0869,0.3731,15.7230
-0.5497,-0.8881,15.7422
0.2184,1.6654,14.3889
-0.7026,0.7063,15.0834
-1.1745,-0.6567,15.9920
-1.2406,-0.2990,15.7796
-0.1349,-1.2041,15.6573
-0.5344,-1.2324,15.9388
-1.2532,1.2762,15.0644
-1.2580,0.6684,15.2772
2.4832,-0.5845,14.5387
0.5532,1.3356,14.3491
0.3360,-0.2144,15.0468
-2.7891,-2.0414,20.0351
0.3758,-0.0818,14.9856
-0.1659,-0.3118,15.2749
-0.8674,-0.1049,15.4835
0.3253,1.6185,14.3493
2.1319,-0.2742,14.4835
0.9305,0.2848,14.6474
-2.2559,0.4119,15.7612
-0.8886,0.2669,15.3177
1.0826,-0.5989,14.9264
1.7163,0.4056,14.2595
-1.9082,-0.6286,16.4963
0.8989,-0.3970,14.9169
-1.0438,0.1943,15.4105
-0.8747,0.5486,15.1979
2.0509,-0.9687,14.7882
2.4130,-1.4211,14.8501
-1.2722,2.7724,14.7504
-1.7610,0.5199,15.5144
-1.5514,1.8507,14.9897
1.3224,-0.0648,14.6519
1.7973,0.6255,14.0774
1.8277,-0.2175,14.5513
-0.9325,0.7541,15.1409
1.4134,-0.4164,14.7622
1.4405,0.8336,14.1306
0.4233,-0.6796,15.1787
1.2999,-0.2293,14.7263
-1.3298,-0.7974,16.2154
0.0593,-0.6512,15.3161
1.4629,0.2163,14.4710
-1.8668,0.2768,15.6986
-0.3530,-0.2654,15.3336
0.2575,-2.5979,16.0195
-0.7903,-0.2580,15.5264
2.4416,0.0806,14.1681
-0.8603,-0.5627,15.7342
0.6472,-0.6263,15.0786
-0.7092,-0.3146,15.5170
0.5440,0.5264,14.6996
0.6540,0.7041,14.5819
-2.9972,-0.2583,16.7946
-0.7633,0.6130,15.1366
-1.1222,-0.8971,16.1407
0.5502,0.3252,14.7749
0.1400,-3.1040,16.3513
0.1965,-1.6826,15.6726
-1.3177,-2.2509,17.7635
-0.7868,-1.6729,16.4759
0.7695,-0.3107,14.9299
0.8034,-0.5957,15.0151
0.0561,-0.9259,15.4290
-0.1637,-2.3043,16.2746
-0.1780,-1.5638,15.8705
1.5635,0.2330,14.4222
-1.6478,-1.8549,17.7602
0.3301,0.2636,14.8781
0.8217,-0.0862,14.8321
-1.5332,1.3059,15.1278
-1.5375,0.8430,15.2923
0.8812,0.7893,14.4414
1.0852,4.7739,12.0779
-0.2473,0.1741,15.1177
-1.3883,-0.0121,15.6708
2.3952,1.1440,13.2405
0.7031,-0.7070,15.0859
1.4488,-1.1343,14.9833
-1.1426,-0.3939,15.7879
-1.8357,0.0832,15.8177
-0.0797,-1.7002,15.8700
-0.5984,0.2362,15.2225
-0.1460,1.9789,14.4670
4.3142,-0.1875,13.8836
3.4777,2.7713,9.4169
0.6983,-1.9219,15.4741
0.4103,0.4991,14.7617
-1.8994,0.1409,15.8056
1.6935,-0.2272,14.5987
0.0641,0.5901,14.8577
-0.2118,-0.6486,15.4382
0.0403,-0.8551,15.4072
-0.8633,0.7610,15.1164
-0.4122,-1.9524,16.3046
1.7291,-1.3603,14.9719
1.9589,-0.3091,14.5531
-0.1946,0.5465,14.9656
-2.2461,0.5944,15.6370
-0.0318,-0.4853,15.2889
0.1036,-1.6016,15.6961
-1.2018,2.4509,14.7816
-1.3926,-1.8717,17.4121
-1.1856,0.0228,15.5578
3.0552,-0.5592,14.3937
-2.3923,-0.1495,16.3105
1.3845,-0.3354,14.7405
1.5611,0.2011,14.4398
-0.4756,2.0854,14.5921
0.9529,-2.7753,15.5714
1.1915,1.1829,14.0559
-0.4304,-0.9367,15.6969
0.3478,1.0338,14.5798
-1.2680,0.4031,15.3967
2.2844,0.0176,14.2678
0.4148,0.0266,14.9332
0.2292,-0.8440,15.3172
0.1331,1.9453,14.3258
3.3173,0.2339,13.7112
1.6852,-1.0482,14.8980
-0.3227,-1.9437,16.2125
0.7871,1.0140,14.3788
-0.4738,-0.1827,15.3489
-2.9479,-0.3347,16.8709
2.1331,1.7956,12.7277
1.1154,-0.4198,14.8554
1.2641,1.0376,14.1028
1.3163,1.2789,13.9109
-1.4032,-1.0935,16.5525
-0.7642,-1.3226,16.1817
-0.4602,1.2398,14.8309
-1.2209,0.7045,15.2509
1.3137,-0.6293,14.8669
1.5752,-1.2121,14.9713
1.5823,-2.3591,15.2166
1.3128,-0.0020,14.6285
-0.2481,-1.5015,15.8879
1.2573,1.2080,13.9979
-0.9255,1.1392,15.0120
0.4237,-0.4294,15.0910
0.5832,-0.1177,14.9257
0.8059,0.3719,14.6593
-1.9865,0.1066,15.8710
-0.0177,-1.8677,15.9086
-0.7617,-0.6180,15.7109
-1.2015,-1.4017,16.6612
0.3747,1.0650,14.5551
-1.3911,-2.3481,18.0096
0.7351,1.9221,13.9297
0.3265,0.8685,14.6539
0.4161,1.6258,14.2940
1.6514,-2.3070,15.1869
-0.9442,-0.1075,15.5194
-1.9781,-0.1682,16.0920
-0.4906,2.1754,14.5744
-0.6699,0.1413,15.2883
-2.9396,-0.6455,17.3381
-0.8312,-2.4690,17.2296
-0.3460,-2.7323,16.7489
1.2068,0.4224,14.4738
-2.2971,0.9981,15.4310
-1.4276,-0.5650,16.0894
0.9206,-0.3991,14.9106
0.1254,0.3668,14.9148
0.0008,-0.1465,15.1455
0.7181,1.3455,14.2513
0.0322,0.1032,15.0424
0.9620,0.6691,14.4617
0.9965,1.2784,14.1201
0.2327,-0.3689,15.1399
4.1783,0.4236,13.2279
0.6579,-0.9048,15.1668
0.2150,0.4025,14.8696
-2.1248,-0.5775,16.6050
-0.5280,-1.4499,16.0740
0.3019,2.5901,13.9409
0.2930,3.6063,13.5496
-1.0544,1.8572,14.8587
-1.8626,-0.5530,16.3833
0.0863,-1.1950,15.5273
-1.0037,-1.8288,16.8565
-1.4094,0.6183,15.3475
0.0374,1.0240,14.7144
0.2240,0.2526,14.9202
0.4255,0.2936,14.8326
2.6438,1.7972,12.1804
-0.1015,-1.4078,15.7369
1.7993,-1.1463,14.8986
-0.1682,-0.5770,15.3865
1.0014,1.2392,14.1398
-1.2836,-2.1467,17.5832
0.1976,0.4199,14.8697
0.2736,0.9405,14.6483
1.4797,1.2538,13.8154
-1.7096,-0.6787,16.3956
3.7672,0.5088,13.2393
-0.1547,1.1049,14.7617
-1.0765,0.9422,15.1201
-0.3622,0.6061,15.0033
-0.0885,-1.6134,15.8319
-1.5578,-0.1772,15.8668
-0.4900,0.3806,15.1280
3.9968,0.4321,13.2640
0.1379,-0.8025,15.3413
-0.6748,-1.1498,15.9889
-0.4857,0.2293,15.1838
-0.8987,0.0139,15.4381
-1.5283,-2.4527,18.3993
0.1163,-1.0586,15.4545
-0.5921,-1.5222,16.1773
-1.8501,2.1363,14.9938
1.4307,-0.6239,14.8312
-3.4801,1.2603,15.5318
1.0493,-1.1569,15.1081
1.1094,-1.1880,15.0976
-0.9003,-0.0702,15.4805
-0.3013,-0.7609,15.5349
0.8589,1.9238,13.8312
1.2667,-0.2476,14.7442
1.0047,-1.5551,15.2347
-0.1725,-2.1585,16.1991
-1.5694,1.8358,14.9971
-0.2116,-1.5709,15.8992
1.6488,1.2183,13.7228
0.2747,-2.3163,15.8872
-0.1804,2.0298,14.4680
-0.2776,0.6038,14.9748
0.8368,-0.0706,14.8212
0.5785,-0.5644,15.0820
0.6582,1.8306,14.0368
0.2581,0.7092,14.7417
-0.5930,2.1759,14.6189
-0.0960,0.7564,14.8581
3.6038,0.4568,13.3626
-0.7827,1.4277,14.8844
1.5296,1.1635,13.8484
1.1676,-0.8115,14.9686
-1.5479,-1.7480,17.4725
0.6107,0.1231,14.8287
-0.0777,-0.1026,15.1586
-0.2381,0.9802,14.8342
-0.8005,1.2006,14.9553
2.2892,-1.8768,14.9716
-0.2875,-1.3092,15.8093
0.1854,0.2926,14.9197
2.2068,-1.6624,14.9428
-0.4532,-1.8142,16.2516
0.9735,-0.0747,14.7757
-1.5906,0.9582,15.2620
-0.1267,0.6565,14.9035
-0.8662,0.4220,15.2447
-1.0030,1.0408,15.0658
1.5039,-0.1159,14.6120
-0.3648,-1.2522,15.8303
-1.1446,0.1211,15.4878
0.1386,0.8868,14.7234
0.3694,-2.1351,15.7443
0.8831,0.0835,14.7464
-0.0271,1.1708,14.6888
-0.1456,-0.5847,15.3795
-1.7708,1.8001,15.0486
-0.3965,0.2065,15.1599
-0.2923,-0.3765,15.3553
1.2283,-1.0918,15.0339
1.8176,1.8229,13.0253
-0.3092,-3.6376,17.2213
0.4565,-0.7265,15.1823
-1.2471,-0.7618,16.1243
1.6382,-0.5865,14.7595
-2.2273,-1.7050,18.3981
0.1320,-3.5893,16.5515
0.1783,0.1236,14.9826
-0.5694,1.2513,14.8652
0.3611,-0.5244,15.1475
-2.4552,-0.2964,16.5096
-0.4540,-0.8666,15.6730
0.1026,-0.2293,15.1378
1.5693,-0.4123,14.7138
-1.6788,-1.0482,16.7642
-1.1913,-0.6604,16.0059
-0.2733,-1.2384,15.7615
-0.5149,0.3937,15.1320
-0.5913,-1.6770,16.2864
1.9467,1.3401,13.3882
-1.4490,-0.8097,16.3185
1.1740,-0.3650,14.8174
-0.3970,-0.1969,15.3228
1.3446,0.4836,14.3825
-0.5144,-4.3031,17.8843
1.4657,-1.8531,15.1537
-0.3656,-1.7743,16.1451
1.8727,1.5119,13.2837
-0.4533,-0.1241,15.3150
-1.0753,0.2232,15.4091
1.8024,2.7739,12.0341
1.1864,-1.9017,15.2566
0.4727,-2.7340,15.8898
-1.0001,-0.1594,15.5732
-2.6273,1.3001,15.3676
-0.9738,-2.9943,17.9691
-0.6315,0.1208,15.2822
2.3213,-0.8125,14.6732
-0.0073,0.7985,14.8108
0.6782,-1.9827,15.5036
-1.5258,2.9116,14.8044
-1.6614,0.2051,15.6583
0.8460,0.3996,14.6320
1.4666,0.6300,14.2425
0.2114,-1.3636,15.5305
-0.5379,0.5303,15.0902
0.0499,1.4162,14.5684
-0.7633,-0.0867,15.4287
-1.7025,0.9750,15.2862
0.3027,-0.1770,15.0454
0.1401,1.2687,14.5819
-0.0355,2.4298,14.2498
-0.1990,0.8310,14.8698
-0.6638,-1.2340,16.0374
0.0608,1.2326,14.6301
1.0372,1.3607,14.0451
-0.3514,-0.9009,15.6318
1.1449,-1.8565,15.2609
-1.1413,1.7259,14.9146
0.2281,1.9612,14.2622
-1.2374,-0.6672,16.0424
-0.8962,0.2486,15.3286
-0.5494,0.4251,15.1324
0.4402,0.2232,14.8531
-2.1712,0.3533,15.7696
-0.3538,-0.9716,15.6700
-1.2311,-1.0871,16.3914
-1.0339,-0.7842,15.9909
-0.4577,-1.9970,16.3810
-0.7311,-0.3221,15.5313
2.2406,-1.3116,14.8516
-0.2661,-1.2284,15.7515
-0.1388,1.9897,14.4598
-0.8193,0.0505,15.3877
-2.8059,0.9354,15.5889
1.5755,-0.9145,14.8858
-0.1322,0.3927,14.9975
0.4870,-0.8095,15.1994
-0.2708,1.6837,14.6209
-0.3318,-0.9053,15.6229
-0.6285,1.3736,14.8492
-1.2042,2.0202,14.8658
1.6937,0.7061,14.0767
2.0119,-0.5612,14.6484
-0.7355,-1.3232,16.1579
-1.9342,0.3045,15.7080
-0.6463,-0.5784,15.6243
-0.2413,0.5411,14.9838
-1.2010,-1.5035,16.7623
-0.5606,0.2947,15.1857
0.0722,-0.3393,15.1905
-0.5113,-0.6491,15.5897
1.7853,1.9008,12.9795
2.1587,-0.2832,14.4799
-0.0621,0.7880,14.8348
-1.8638,-1.0283,16.9208
-1.3229,0.3830,15.4265
-0.7949,-1.6205,16.4414
0.3555,-2.2139,15.7850
-1.2428,-0.5235,15.9373
0.6281,0.8992,14.5090
-1.1623,0.4279,15.3473
-0.4469,-0.1251,15.3128
-1.2010,-3.2445,18.6929
0.0094,0.3815,14.9511
1.7798,1.7830,13.1035
-2.6139,-0.4452,16.8001
1.3983,-1.1132,14.9912
2.0115,-0.1745,14.4709
2.0764,0.8311,13.7613
1.7677,2.3411,12.5427
-0.5192,0.9821,14.9316
-0.1704,-0.7204,15.4503
-1.3086,-0.3112,15.8253
-1.9170,-2.9042,19.9331
0.9321,1.5259,14.0165
-2.1864,0.5611,15.6376
1.3683,-0.9488,14.9521
1.5998,1.2816,13.7075
0.0186,-0.3968,15.2335
0.0963,1.5358,14.5024
0.2846,-0.3198,15.1030
1.2791,4.6265,11.7336
-0.5855,1.0225,14.9408
0.6181,1.5398,14.2134
-1.4594,2.6422,14.8238
0.1314,-1.9048,15.8149
-0.6836,0.5644,15.1275
1.3326,-1.8478,15.1938
-0.2078,-1.4279,15.8188
0.3712,-2.9965,16.0713
1.5967,1.0802,13.8659
1.2978,-0.0829,14.6679
1.0697,0.8728,14.3060
3.1746,3.0386,9.3695
1.7017,2.2444,12.7247
-0.2250,-1.4214,15.8274
-1.2905,0.1450,15.5362
0.6477,-0.4178,15.0081
0.2940,-0.9292,15.3211
0.1730,-0.9755,15.3936
1.5050,-0.6541,14.8204
-0.7123,-1.0966,15.9810
0.0364,-0.9314,15.4410
-1.2806,1.0294,15.1499
0.6134,0.0002,14.8728
0.5540,-0.5281,15.0784
-2.0099,2.3397,14.9872
1.9802,1.0535,13.6294
1.2139,-0.2421,14.7591
-0.9723,1.4830,14.9277
3.2283,0.7347,13.1898
-0.9549,-0.0185,15.4783
-0.5349,1.9988,14.6410
0.1909,0.8201,14.7271
0.8489,-0.9813,15.1229
-0.0392,0.4780,14.9344
0.9900,-0.1521,14.7993
1.1279,-2.3678,15.3881
2.4947,-0.9623,14.6933
-0.3925,-2.7475,16.8211
0.8588,-1.9959,15.4171
-0.0123,0.6687,14.8580
-1.5292,-0.1114,15.8049
1.2422,-0.1685,14.7213
0.3183,-0.4487,15.1366
-0.9903,-1.1649,16.2508
0.7818,-1.1409,15.1963
-1.0803,1.1940,15.0408
0.3876,1.5112,14.3609
0.1979,-0.4736,15.1915
1.5353,-1.3773,15.0244
-1.1539,0.6880,15.2360
0.9915,2.0902,13.6106
1.6156,-1.4638,15.0250
-0.7891,-2.1337,16.8702
-1.8109,-1.5462,17.5524
1.2708,-0.2647,14.7494
-0.5541,0.2983,15.1820
-0.8982,1.0238,15.0396
-0.5452,3.8757,14.2334
0.0435,0.6905,14.8299
-1.1461,1.3130,15.0243
-0.5914,-1.4209,16.1067
-1.3845,0.7846,15.2700
-0.8010,-0.6655,15.7623
3.3032,0.0785,13.8637
-0.7914,-1.3689,16.2399
-0.6909,1.3262,14.8836
-0.2353,1.1529,14.7764
1.3769,-2.0946,15.2327
1.1233,-1.1292,15.0765
0.5310,0.7319,14.6225
-0.5412,1.1725,14.8795
0.2259,-0.4789,15.1826
0.7417,0.7514,14.5229
-1.6971,0.7938,15.3602
0.7720,-0.8746,15.1161
-2.4470,1.6227,15.2190
-0.2033,-0.0870,15.2006
0.2924,0.1764,14.9230
-0.5500,0.5299,15.0945
0.8758,-0.7848,15.0523
1.0677,2.1440,13.5020
-0.7043,0.7932,15.0541
0.7742,-0.5840,15.0210
-2.5149,0.1908,16.0431
-1.2809,-0.4422,15.9016
-0.7423,-1.9681,16.6714
1.8766,1.3040,13.4780
0.4124,-0.8701,15.2500
0.1927,-1.1744,15.4634
0.2300,0.3658,14.8774
-1.3331,-1.7354,17.1702
-0.5969,-0.7039,15.6661
0.2835,-0.7991,15.2773
1.6467,-0.4016,14.6865
1.0637,0.8929,14.2983
-1.1454,0.1747,15.4608
0.5543,-1.0996,15.2715
0.0411,-0.8483,15.4040
-0.8007,0.0069,15.4003
0.7704,-0.1602,14.8765
-1.2371,-1.5329,16.8325
-0.5713,0.7431,15.0273
1.8516,-0.0300,14.4508
-1.0591,-0.9600,16.1424
-1.5424,0.7875,15.3166
1.3892,-1.2212,15.0233
1.1714,0.4062,14.4966
2.7601,-0.6765,14.5189
-1.3293,-0.9244,16.3271
-1.6987,0.3815,15.5682
1.0511,-0.4895,14.8997
-0.6380,2.9438,14.4603
-1.0578,-0.5493,15.8418
0.1271,0.0148,15.0400
-0.0119,-1.6946,15.8180
-0.8982,-0.7059,15.8474
0.8037,-0.6522,15.0336
1.4644,-0.1052,14.6207
-2.4632,-0.2068,16.4132
2.2868,-0.9714,14.7384
2.1899,0.1121,14.2434
1.5703,3.0060,12.1637
1.0911,0.1565,14.6410
-2.1023,-0.3340,16.3244
0.3731,-0.0164,14.9633
-0.9028,0.2330,15.3380
-0.7250,-0.1326,15.4341
0.6285,0.5332,14.6633
3.0083,-2.0621,14.9098
1.9878,-1.2878,14.8955
0.6355,1.7453,14.0975
-1.8941,-1.4228,17.4825
0.8938,-2.1173,15.4341
0.7159,-1.6576,15.3832
0.5596,-0.3680,15.0214
1.5287,1.5339,13.5576
-0.3485,-0.7570,15.5578
0.9845,-0.8792,15.0464
-0.5148,-0.5601,15.5458
1.7238,0.4544,14.2260
1.1467,0.4556,14.4832
-1.1786,0.3988,15.3662
1.9049,-0.2522,14.5431
0.2257,0.0751,14.9831
-0.7036,-1.4039,16.1895
-1.8584,-0.2585,16.1020
-1.3681,-0.3527,15.8884
-1.4076,0.8806,15.2396
3.7945,-2.2323,14.8811
-0.0634,-0.6790,15.3820
-1.6358,-0.9918,16.6609
-0.4030,-0.9012,15.6617
0.7640,0.8483,14.4688
-1.2709,2.4279,14.8062
2.3112,-0.4104,14.4994
2.3194,0.1807,14.1463
2.4336,0.0149,14.2155
0.5086,0.2361,14.8236
1.4576,0.2398,14.4613
0.0434,-1.0048,15.4685
0.5498,0.2239,14.8132
-0.3943,-0.3146,15.3729
1.2212,0.7854,14.2762
0.6029,0.2913,14.7683
-2.7834,1.0897,15.4980
3.7440,-0.2294,14.0166
0.3221,-0.4302,15.1286
-0.9631,0.8424,15.1196
-0.9142,0.2845,15.3197
1.4926,-3.4464,15.4119
0.4743,-1.0767,15.2970
0.6713,3.2118,13.2758
-0.0133,-1.5968,15.7711
-0.2182,-1.8242,16.0473
0.0048,-0.1712,15.1532
0.3450,1.0381,14.5793
-1.3154,-0.7854,16.1943
-0.9920,2.2282,14.7575
-1.1015,0.9690,15.1184
0.0639,-1.1264,15.5098
1.4159,1.5932,13.6032
0.1685,0.7304,14.7686
-0.3646,-0.7868,15.5812
-1.2038,1.1540,15.0880
0.1157,0.7168,14.7935
0.5620,0.5181,14.6957
3.0919,0.4797,13.5498
-3.0207,-1.4207,18.9321
0.8780,-0.0035,14.7817
-0.0414,-1.8582,15.9221
-0.6369,-0.7738,15.7290
-1.3045,0.3421,15.4396
-0.1285,0.2783,15.0370
0.1488,-0.3159,15.1523
0.0366,1.0367,14.7103
-0.1762,-2.9058,16.6337
0.9611,0.8454,14.3752
-0.6421,-0.5257,15.5937
-2.6144,0.4816,15.8409
2.5045,-2.2414,14.9986
-0.9622,0.8842,15.1050
1.0430,1.2484,14.1087
0.5833,0.5344,14.6809
0.1086,0.0088,15.0489
0.6616,0.5713,14.6344
-0.3370,0.7263,14.9536
-0.2671,0.3362,15.0654
-3.2892,-0.5363,17.4072
-0.4227,-0.9640,15.7072
1.1969,3.0591,12.6778
2.4253,3.1091,10.5805
-0.5434,-0.2131,15.3923
2.1597,-1.1520,14.8220
-1.8477,3.6084,14.8169
0.9728,0.3501,14.6030
-3.5026,-1.3747,19.3796
1.5764,3.0543,12.1103
-1.8627,-2.6390,19.3674
-0.0249,1.1063,14.7104
1.2414,-0.1285,14.7057
0.7023,-0.7833,15.1112
-1.5070,0.2153,15.5873
-2.1134,0.8779,15.4407
1.8244,1.0017,13.7781
-1.6368,-0.6625,16.3246
1.0414,-1.0241,15.0719
0.4433,0.1501,14.8786
1.4840,3.0109,12.2927
-2.8901,-0.2126,16.6716
0.6051,1.9587,14.0077
1.0344,-2.0163,15.3443
0.9806,0.6280,14.4730
-1.5782,0.0233,15.7376
-2.2577,2.1569,15.0591
-0.2113,-0.7611,15.4889
-3.0222,3.0299,15.0205
2.4351,1.1596,13.1931
1.0554,0.1994,14.6361
2.0566,-0.8147,14.7344
1.1880,-0.3061,14.7915
-1.7764,0.4861,15.5382
0.4481,-1.0608,15.3025
0.9039,-0.7538,15.0332
1.0643,-0.0495,14.7348
-0.6890,-0.8935,15.8334
0.1183,3.2196,13.8551
-1.5388,2.1439,14.9267
3.7767,-0.0091,13.8124
0.3774,-1.1815,15.3771
1.8973,0.9196,13.7983
1.4287,1.8417,13.3900
-3.2660,1.2069,15.5275
0.3430,1.2066,14.5122
-0.2286,2.2413,14.4260
1.4333,0.7171,14.2069
-3.4648,0.8651,15.7843
0.2183,-0.9258,15.3534
0.8204,0.0355,14.7871
-0.4766,-1.4253,16.0167
-1.2641,0.4168,15.3889
-1.6487,-0.2313,15.9578
0.3045,-2.2118,15.8213
1.8900,0.3653,14.2063
0.5393,-0.6188,15.1146
0.3281,1.0094,14.5981
-0.4150,-0.0179,15.2553
0.0955,-0.9433,15.4173
1.3332,0.9375,14.1253
0.4178,-1.4942,15.4723
0.8538,-1.4005,15.2477
2.0474,0.4930,14.0449
0.0204,-0.1280,15.1312
-1.3089,-1.1801,16.5501
1.7003,-3.4695,15.3292
-1.5022,0.6053,15.3840
1.4670,0.6033,14.2582
1.3206,-1.7074,15.1653
-0.7622,0.7234,15.0969
2.6211,-0.0630,14.2025
1.2748,0.2918,14.5091
0.7510,-1.4453,15.3022
1.3587,-0.4717,14.7989
0.4121,1.5910,14.3119
1.0472,-1.4188,15.1823
0.8560,-1.2296,15.1961
0.5255,0.7313,14.6250
1.5158,1.7716,13.3681
3.3743,-1.3419,14.6946
-0.9112,1.2127,14.9856
-0.0713,0.6826,14.8746
-0.7249,0.9994,14.9933
0.5599,-1.2352,15.3150
-0.5974,0.8835,14.9893
0.7902,-0.3067,14.9216
2.0392,1.5319,13.1147
0.6005,-1.2198,15.2926
-0.1845,-1.0378,15.6052
-0.5250,0.7340,15.0150
1.1255,2.9867,12.8288
-0.8579,-1.0667,16.0690
0.1962,-0.0074,15.0231
-1.6355,-1.3869,17.1230
-0.4023,-1.2480,15.8539
-0.1341,-1.9379,16.0400
-1.8298,-2.2191,18.6122
0.0868,-0.7766,15.3539
2.6258,-0.3130,14.3587
0.5600,-0.2012,14.9632
-3.4205,-1.4698,19.5322
1.1227,-0.5857,14.9097
-1.2699,-0.4766,15.9198
0.1097,-0.7234,15.3227
-0.4205,1.2749,14.8060
0.9812,-2.4495,15.4771
0.5984,-1.1163,15.2592
-0.2547,1.3162,14.7309
0.4112,-1.0470,15.3134
-0.2325,-1.4076,15.8251
1.1760,2.5110,13.1167
0.6954,0.4304,14.6785
-0.1962,0.8705,14.8555
-0.1746,1.2275,14.7286
-1.6294,-1.2567,16.9573
-2.8613,0.7055,15.7532
2.1458,2.3125,12.0793
1.7036,-0.4998,14.7086
0.1036,-0.5284,15.2496
0.4410,-1.5037,15.4639
0.2801,0.3619,14.8606
-1.3774,-2.4848,18.1605
-0.0994,-1.4431,15.7531
-0.5262,-0.0764,15.3244
2.1912,1.2114,13.3235
-0.6024,0.9323,14.9751
0.4038,1.8429,14.2029
-1.6961,1.0137,15.2694
-2.0278,-0.3605,16.3029
1.5516,-0.6752,14.8147
1.7430,0.5838,14.1334
1.3317,0.6565,14.2936
-0.0079,-2.5173,16.2330
0.8357,-1.7713,15.3635
-1.1656,0.2659,15.4238
0.6103,-0.9987,15.2156
-0.4554,1.1873,14.8454
0.8454,0.1460,14.7355
1.6347,0.9080,13.9685
1.4466,-1.2292,15.0097
1.9708,-1.2728,14.8951
-0.9141,-0.2771,15.5967
0.2042,-2.2759,15.9261
-2.2013,-0.0966,16.1514
4.8996,2.5858,8.7316
-0.0763,-1.7136,15.8744
-1.5388,-2.0421,17.8507
0.3836,0.7651,14.6704
1.8275,1.2115,13.5985
-1.5387,-0.9699,16.5499
0.8166,-0.2465,14.8916
-0.4341,0.2728,15.1485
1.1260,0.9796,14.2166
0.9998,-0.7811,15.0110
-0.1126,-1.2462,15.6643
2.6720,3.2054,9.9908
-0.3942,-0.1461,15.3001
-0.6130,-0.5538,15.5934
-0.0182,-1.5059,15.7305
-0.3265,-1.8877,16.1810
-0.2259,0.8289,14.8802
-1.1203,-1.1755,16.3725
-0.6233,0.0077,15.3273
-0.5001,0.7111,15.0143
0.7619,1.6716,14.0503
-1.2966,1.4594,15.0240
2.3551,-0.8299,14.6724
1.6985,0.7099,14.0714
-0.5125,-2.9725,17.1504
0.4284,-0.2510,15.0268
-2.0402,0.1389,15.8712
-0.8906,-1.9897,16.8691
-0.4588,0.3056,15.1450
0.0470,1.3355,14.5990
0.0548,0.5305,14.8822
1.4841,-2.1824,15.2151
1.8031,0.2878,14.2923
-2.0756,-0.8653,16.9159
2.0317,0.8005,13.8140
1.5310,-2.0838,15.1815
0.5601,0.3780,14.7511
-1.9288,-0.9079,16.8343
0.0634,0.4614,14.9035
-0.4065,0.2202,15.1584
-0.2652,-0.9862,15.6259
0.0812,2.8467,14.0177
1.0087,-0.8882,15.0414
0.0750,0.7580,14.7942
-0.3679,0.6258,14.9985
0.4340,2.1146,14.0555
0.1877,0.5538,14.8252
-1.3529,2.9148,14.7548
0.1194,-0.7888,15.3442
-1.0470,0.8447,15.1447
-2.8313,-0.0709,16.4647
-0.8417,0.0723,15.3868
0.6899,-0.8367,15.1330
-0.5753,-0.6850,15.6436
-0.3830,-0.7299,15.5626
-0.4495,0.5152,15.0651
0.5179,-0.4930,15.0792
-1.3920,-0.8407,16.3018
0.6689,0.9269,14.4777
-0.3236,-0.4369,15.3957
-1.2676,-0.5650,15.9840
1.4462,-0.1421,14.6427
0.0983,-1.2750,15.5552
0.8921,2.1476,13.6635
0.3838,1.9401,14.1716
-0.5320,-1.0605,15.8318
-0.1138,-0.5059,15.3322
0.9756,-2.3450,15.4539
0.9750,-1.5718,15.2504
0.8511,0.7203,14.4879
0.5594,1.1448,14.4329
0.1534,0.2440,14.9486
0.5951,0.6254,14.6394
0.3711,0.1323,14.9108
1.3869,2.1060,13.2093
-0.5887,1.2498,14.8722
3.3778,0.4472,13.4619
-2.4997,0.5264,15.7679
-3.1985,2.5351,15.0948
0.2562,-0.4569,15.1630
0.1258,-1.0964,15.4653
0.3815,0.8948,14.6204
-0.0831,0.3992,14.9778
-1.2901,-0.1631,15.7174
-1.2166,-0.2003,15.7036
1.1949,1.5066,13.8406
1.3752,0.4251,14.4000
0.9688,-0.1687,14.8126
0.4611,1.1147,14.4942
-0.4885,0.3492,15.1392
1.3756,-1.4632,15.0897
0.5271,0.7932,14.5990
0.7247,0.4969,14.6396
-1.0568,-0.3661,15.7228
-0.1572,-0.1620,15.2119
0.6353,0.7205,14.5830
-0.1814,-2.7810,16.5695
-0.1317,-1.3021,15.7036
-0.6791,1.5586,14.8141
-1.0852,-0.6518,15.9298
-0.8313,-1.2044,16.1494
-2.0454,-0.6905,16.6745
-1.3186,-0.6758,16.1054
-2.1049,-2.0561,18.8317
-1.4272,0.5499,15.3844
-1.1258,-0.6734,15.9719
1.2263,-3.1821,15.5030
0.7305,-0.1170,14.8746
-1.6369,1.2053,15.1856
-3.4289,-0.4566,17.3580
0.8563,0.8740,14.4125
0.1526,1.7828,14.3784
-1.5802,-0.9609,16.5774
-0.8502,2.0284,14.7535
-2.8758,-1.2070,18.3041
-0.4283,1.0034,14.8939
0.8630,-1.4346,15.2542
-0.6136,-0.5732,15.6041
-1.3539,-0.9080,16.3323
-2.1037,0.4480,15.6799
0.0733,-2.5081,16.1486
0.4730,-0.0596,14.9435
0.5033,-1.9327,15.5841
0.9749,0.5037,14.5336
1.0870,-0.4160,14.8630
-0.3301,-1.8967,16.1900
1.3560,-1.8778,15.1930
1.3035,-1.3363,15.0784
-0.3520,-1.0972,15.7359
0.4846,0.6593,14.6708
-2.7026,-1.4195,18.5229
-1.2979,2.2700,14.8424
-0.1457,-0.0210,15.1533
-0.1982,-0.4331,15.3385
0.8545,-1.1997,15.1876
2.1685,0.4135,14.0450
0.9769,-0.4031,14.8937
0.5465,0.4324,14.7353
1.2848,0.5990,14.3480
1.3220,-1.9401,15.2180
-0.7873,-1.5926,16.4114
0.3974,-0.3723,15.0805
2.7394,2.4652,11.0275
-0.9861,-0.6195,15.8450
-0.8273,0.8031,15.0903
0.7302,-1.0977,15.2020
4.0041,0.8084,12.7363
2.2805,0.2331,14.1256
1.0713,-1.4635,15.1861
0.6024,-1.1295,15.2620
-0.7824,2.1015,14.7121
-1.8671,1.4849,15.1510
-0.1170,0.7953,14.8524
2.4820,1.6933,12.4939
-2.4461,0.4172,15.8288
0.3390,-0.4020,15.1122
1.9965,-0.8457,14.7594
-2.2308,-0.3872,16.4655
-0.3991,-0.2673,15.3542
-1.1201,1.3158,15.0163
-0.9906,-0.1604,15.5693
-2.0756,0.0789,15.9347
2.3895,-0.2919,14.4153
1.7834,0.7104,14.0250
-1.0042,-0.2616,15.6328
-0.3623,0.2791,15.1202
1.7232,3.2942,11.6455
-0.1973,2.5809,14.3025
0.0511,1.1534,14.6627
1.7345,0.9116,13.9054
0.9827,0.5447,14.5113
0.2725,0.5645,14.7896
-4.0981,-1.0035,18.9159
-0.7849,-1.0234,15.9841
0.7544,-1.0525,15.1788
-0.1770,-0.2920,15.2714
-0.4107,-4.3151,17.6784
0.6486,1.4060,14.2615
0.7955,1.1253,14.3193
1.6515,-0.7280,14.8057
0.0392,2.1362,14.3090
-0.6489,-0.6647,15.6736
-2.4089,0.6628,15.6466
0.0138,0.4973,14.9087
1.2193,0.4787,14.4405
-0.0933,0.6336,14.8995
-0.3362,0.5218,15.0236
-1.4132,0.2239,15.5439
-0.2266,0.4494,15.0108
1.4474,-0.3972,14.7447
0.5812,3.4591,13.2698
-1.0242,-0.1062,15.5554
-0.8655,-1.4703,16.3879
0.4060,0.3614,14.8147
-0.4284,-0.7369,15.5904
0.0409,-0.2437,15.1666
-0.1800,1.5775,14.6155
-0.0753,0.5335,14.9279
-0.2653,-0.6653,15.4717
-1.8511,-0.3013,16.1355
0.6393,-0.6025,15.0735
-1.3861,-0.2597,15.8324
-0.0264,-0.0236,15.1099
-1.1223,-1.9485,17.1282
0.0515,-1.3583,15.6186
-1.8137,0.0267,15.8483
0.3164,1.3570,14.4636
-0.7750,-1.3772,16.2318
0.0120,-4.2558,16.9221
2.7220,0.1942,13.9741
0.1755,-3.2601,16.3746
-1.5346,0.1455,15.6404
-0.9297,-0.6512,15.8311
-0.6271,0.2231,15.2384
-0.5160,-1.1061,15.8483
-0.6987,0.9919,14.9873
-0.5380,-0.9426,15.7663
-1.4977,0.0220,15.7006
-0.4010,0.7481,14.9682
0.2809,0.2105,14.9149
0.3650,1.4678,14.3919
-2.5603,-0.8628,17.3626
0.0629,-0.0940,15.1029
-1.3605,-0.2931,15.8416
-0.7179,0.5215,15.1549
1.3281,0.8282,14.1952
0.1913,-0.9943,15.3924
0.1633,0.8942,14.7108
0.7340,-0.7339,15.0840
1.5877,1.0400,13.9016
-0.0727,0.7936,14.8368
-0.7345,0.8923,15.0309
0.7776,-1.0497,15.1694
0.1545,0.5698,14.8317
0.5881,1.4048,14.2971
-0.3817,-2.7530,16.8101
-1.1841,3.0378,14.6819
0.0837,1.5357,14.5085
1.1559,1.9830,13.5344
-0.9838,-0.4937,15.7621
-2.3457,-1.1337,17.5754
1.6623,1.1226,13.7895
-0.7422,-0.3808,15.5675
-0.4053,-0.1615,15.3112
0.0127,-0.3050,15.2006
-2.6693,1.4884,15.3010
-0.0278,2.8122,14.1133
1.1653,-1.4794,15.1587
-1.2701,-0.3168,15.8077
-0.3968,0.8752,14.9246
-0.0968,2.1702,14.3763
0.6090,1.1582,14.4017
0.4070,-1.1446,15.3502
1.4325,1.2828,13.8272
1.4736,0.8439,14.1056
-0.8275,0.0725,15.3808
-0.2009,0.4124,15.0148
-0.5366,0.4061,15.1350
-0.1622,-0.5641,15.3782
1.4759,2.9343,12.3716
-0.4656,-0.2990,15.3973
1.7793,1.5884,13.2930
-0.1403,-1.3484,15.7323
1.8698,-1.3530,14.9378
3.3492,0.3090,13.6231
-0.4352,-0.6501,15.5502
-1.5181,-0.7803,16.3454
-1.4204,0.1145,15.6091
-0.9833,1.5023,14.9258
-0.2322,-0.3988,15.3388
0.3581,1.4290,14.4121
-0.3093,-0.3245,15.3403
-0.9560,0.0262,15.4563
0.5806,0.8455,14.5538
-1.8150,1.0173,15.2994
0.5124,0.2465,14.8183
0.9384,-0.1019,14.7980
-0.5982,1.5097,14.7998
-0.4048,-1.2012,15.8286
-0.5897,-1.2246,15.9747
0.2360,-0.6966,15.2590
0.7973,1.0480,14.3569
-0.4957,0.9113,14.9465
1.0108,0.3534,14.5865
2.4310,-0.3456,14.4324
1.1443,-1.3412,15.1288
-1.5267,-0.4432,16.0543
1.0055,0.0029,14.7346
-1.1144,0.3698,15.3560
2.0895,-0.5417,14.6196
0.6442,-0.6024,15.0717
0.5786,3.6483,13.1946
0.7341,-0.3538,14.9567
0.5409,1.0616,14.4788
0.8506,0.9224,14.3917
2.3248,0.0952,14.2025
-0.0154,-2.8310,16.4007
-0.8309,1.4902,14.8825
2.2730,-0.7830,14.6726
-1.3051,-1.5970,16.9798
-0.9897,0.5426,15.2392
0.8372,0.4405,14.6182
-1.8222,0.9386,15.3335
0.5229,-1.1635,15.3064
1.8483,-0.8685,14.8026
-1.6939,-1.9166,17.9181
0.0486,-0.5837,15.2940
0.5276,2.2169,13.9340
-0.7383,-2.8007,17.3770
-0.5411,0.8592,14.9786
1.1243,-0.6871,14.9424
0.6507,-0.0475,14.8771
1.0472,-0.6330,14.9487
0.7048,-0.4645,15.0045
-1.7663,-0.7765,16.5420
-4.0901,-1.8543,21.3606
-0.3871,-0.1641,15.3048
0.3639,1.0763,14.5555
-1.4632,-1.4799,17.0340
1.0489,-1.7828,15.2786
0.1990,-0.2416,15.1064
-0.1618,0.4654,14.9823
-0.8554,0.2227,15.3244
0.5670,0.7467,14.6012
3.1759,3.5629,8.5044
1.9016,-0.7238,14.7394
-2.2401,1.2701,15.3016
-1.2155,1.0800,15.1148
1.2300,-0.5566,14.8672
-0.7567,-1.6125,16.3972
-0.9233,-0.5341,15.7528
0.5566,2.5987,13.7132
-1.2117,-1.5977,16.8709
-0.9426,2.5773,14.6699
-1.0978,2.1219,14.8135
-0.4191,-0.1992,15.3331
0.5525,0.9141,14.5371
-0.9419,0.2977,15.3242
2.1011,-1.8258,14.9958
0.8456,-0.6519,15.0196
-0.2794,-0.5404,15.4216
-0.1999,-0.6063,15.4138
-0.2354,0.7871,14.8976
-1.0126,-0.0813,15.5366
-0.4809,1.8513,14.6594
0.7189,0.0819,14.8055
0.9577,1.2222,14.1757
1.2099,-0.5950,14.8862
1.1065,-1.8229,15.2670
0.1846,-1.9401,15.7926
-0.8016,-2.0371,16.8012
2.5454,0.3363,13.9323
0.0040,0.1151,15.0483
1.6828,0.3867,14.2858
0.8994,-0.2607,14.8690
-0.1093,0.0633,15.1084
-2.0060,-0.5984,16.5382
1.9194,-0.6793,14.7186
0.5925,0.7506,14.5887
-1.0383,2.1269,14.7939
-2.0083,0.9515,15.3781
-0.4296,0.5447,15.0478
0.1152,1.0427,14.6761
2.2242,0.4475,13.9929
-0.4016,0.7448,14.9695
1.7627,2.4035,12.4834
1.7602,1.3935,13.4892
0.8512,-0.0268,14.7998
1.1894,0.4486,14.4684
-0.2872,-0.0737,15.2279
0.6680,-1.7113,15.4225
-0.6875,-0.8249,15.7903
-0.0968,-1.9776,16.0299
-0.0100,1.7086,14.4915
0.4547,-0.1301,14.9749
-0.1290,-3.7873,16.9957
-1.6606,-0.8760,16.5585
-1.0699,-2.1515,17.2692
0.6734,-2.0725,15.5346
0.0571,-0.3779,15.2110
-0.8836,-0.5897,15.7643
1.4049,-0.1139,14.6446
1.5539,-0.2743,14.6631
-1.2135,0.2032,15.4739
-1.7765,-2.0018,18.1774
0.6615,-0.1674,14.9163
-0.6522,2.1614,14.6472
-1.8589,-0.1137,15.9800
1.1012,2.2812,13.3702
-0.6944,-1.7022,16.4056
-0.9371,0.2921,15.3249
-1.1523,-0.5921,15.9301
-0.2095,-1.0140,15.6079
2.0408,-1.8402,15.0104
0.7335,-0.5870,15.0358
0.2134,-1.5744,15.6165
0.5956,-1.6175,15.4268
0.2056,3.4702,13.6871
-2.2615,-1.9180,18.8472
-1.1205,-1.7332,16.9027
1.2604,0.3459,14.4888
-1.7397,-0.8762,16.6275
2.6952,0.4444,13.7695
0.7729,-0.5008,14.9937
-1.0263,-1.8631,16.9175
-1.9021,-2.4284,19.0985
-1.4222,-0.2724,15.8613
0.0889,-0.2916,15.1661
1.1889,-0.7080,14.9296
2.5039,0.2157,14.0455
0.2476,-0.4524,15.1646
-0.6424,-0.4318,15.5445
-1.2792,0.8461,15.2146
2.7293,2.4064,11.1366
-2.3927,4.1346,14.8921
2.0264,-1.4329,14.9245
-1.7520,2.1075,14.9799
0.8088,-0.2271,14.8873
0.0633,0.8700,14.7589
-1.3751,-0.4791,15.9869
0.9394,1.3004,14.1427
-0.8351,-0.9501,15.9696
-0.2993,-0.0852,15.2372
0.5343,-0.3512,15.0244
-0.4785,-1.6277,16.1497
0.4648,0.9960,14.5425
-1.1455,-1.2009,16.4178
-1.6437,-1.6890,17.5260
-0.6275,1.8628,14.7139
1.3316,-2.3654,15.3040
0.2645,0.7117,14.7382
0.2298,-0.1546,15.0638
2.2137,-0.7339,14.6672
-2.0066,-0.7771,16.7451
2.5444,1.1974,13.0659
-1.1771,1.4067,15.0065
-0.6329,-2.4038,16.8925
2.1063,0.3817,14.0970
-1.5750,0.1083,15.6812
-1.3542,-1.8739,17.3610
-0.5047,-0.8181,15.6761
-2.4729,-0.8486,17.2595
-0.4746,0.7704,14.9858
0.1615,0.0227,15.0248
4.3981,-2.0817,14.8307
0.7827,-0.7608,15.0760
2.6038,1.9040,12.0691
0.8521,0.5409,14.5685
1.0087,-1.4617,15.2077
-0.6727,-0.7835,15.7562
-0.6439,0.3341,15.2005
1.1289,-0.5724,14.9034
2.1138,0.6244,13.9107
-0.5571,-1.4955,16.1287
0.6661,0.9715,14.4588
-0.3968,-1.0210,15.7224
0.3246,-0.7196,15.2315
0.3890,-1.5080,15.4923
1.3985,0.2597,14.4750
-1.6147,1.3902,15.1222
0.1130,0.2507,14.9606
1.4217,3.0853,12.3252
-0.0657,1.3723,14.6352
4.1026,0.3978,13.2795
0.7174,-0.3588,14.9641
0.4807,2.5942,13.7851
1.6577,1.6949,13.3045
1.6997,1.5848,13.3672
-0.9844,-0.3569,15.6785
-2.0429,2.1828,15.0200
-0.2865,0.5271,15.0045
-0.8079,-1.4011,16.2793
-0.3377,-1.3274,15.8543
0.7759,-1.8539,15.4151
0.3569,-0.5535,15.1594
-1.5720,-0.3431,16.0014
0.7596,0.4980,14.6251
0.3782,0.3948,14.8126
0.8759,-0.5578,14.9787
1.9793,-0.7491,14.7293
-2.1062,-0.6032,16.6206
0.7509,0.2034,14.7476
-0.7159,0.5139,15.1570
0.2707,-1.2596,15.4579
-1.4630,0.6781,15.3387
-0.7519,1.9635,14.7342
0.9670,-0.9302,15.0677
0.9124,-0.1570,14.8272
-0.6047,0.9094,14.9833
-0.8220,0.5158,15.1926
1.0621,-0.2909,14.8265
0.1364,-0.1717,15.1041
1.8178,1.5987,13.2483
0.9178,0.8820,14.3782
1.4062,-0.8606,14.9149
-0.9585,0.3182,15.3215
0.0845,-0.6409,15.3012
1.6167,0.0599,14.4902
-1.0229,-2.2233,17.2754
-2.6244,-0.7879,17.3034
0.7852,-2.0615,15.4720
-0.8306,-0.3383,15.5889
0.4046,0.7636,14.6624
2.6674,-0.1380,14.2376
1.3959,-0.5493,14.8154
2.0632,0.5154,14.0206
-0.8656,-1.1268,16.1192
-0.4895,-0.6866,15.5975
0.4615,-0.6997,15.1711
-2.9513,-0.1378,16.6100
-0.9525,0.1794,15.3815
-1.9260,2.6872,14.9219
0.3277,2.5796,13.9242
0.3391,-0.5932,15.1803
-0.8689,0.2844,15.3028
-1.1955,-2.0955,17.3911
-0.5975,1.0374,14.9401
-0.2115,-0.6566,15.4416
0.3483,-1.1509,15.3792
-0.2140,0.3570,15.0391
0.6572,1.2992,14.3090
1.9405,-0.1006,14.4566
1.3802,2.1190,13.2054
-1.6130,0.0171,15.7583
0.8314,-1.7664,15.3640
-0.4242,1.4244,14.7618
-1.3133,-2.3882,17.9246
1.5753,1.2556,13.7460
0.3702,-0.0799,14.9869
0.8469,0.7184,14.4907
1.0576,-1.2430,15.1299
-0.4826,1.0733,14.8903
0.3221,0.5770,14.7661
1.4272,0.0568,14.5612
1.5987,-0.5625,14.7618
-1.2750,0.8946,15.1955
1.8416,-0.9251,14.8225
0.0192,2.8923,14.0504
-0.0236,-0.9788,15.4913
-0.2761,-0.5038,15.4038
0.5269,2.5114,13.7849
-0.4408,1.5436,14.7324
-0.8512,0.5751,15.1799
-0.3655,-0.4156,15.4051
-0.0359,1.1095,14.7137
0.3254,-0.2332,15.0573
-0.0148,0.1168,15.0544
-0.0216,1.4361,14.5936
0.8647,-0.7662,15.0501
-0.5490,1.3057,14.8420
-1.7735,-0.7721,16.5432
-1.6478,1.0909,15.2280
-0.1056,0.8537,14.8283
2.7072,-1.1954,14.7360
1.2642,-1.3622,15.0969
-0.3577,0.0009,15.2255
0.0244,-0.5873,15.3057
0.5191,0.0880,14.8742
0.0110,0.5084,14.9058
-0.7032,0.5948,15.1230
0.1694,-0.5324,15.2246
0.5598,-1.7881,15.5025
-0.6931,0.3476,15.2128
-0.2779,0.9878,14.8460
0.5965,1.3131,14.3360
-0.4073,-1.6233,16.0857
-1.6469,0.5381,15.4653
-1.8751,0.3454,15.6581
0.0998,1.9479,14.3442
0.8050,-0.6210,15.0230
1.5687,0.7711,14.1008
1.5555,-0.0861,14.5812
-0.3408,0.6621,14.9767
-1.4587,1.2323,15.1318
-0.5302,0.6202,15.0558
0.2167,0.5647,14.8104
0.2043,-1.7564,15.6993
-0.2511,-1.1985,15.7261
2.0365,-1.9638,15.0343
0.4515,-1.9378,15.6166
-1.2305,-0.7230,16.0813
-2.6073,0.2619,16.0195
0.5008,-0.3594,15.0391
-0.8773,-0.1475,15.5097
1.9053,-0.1119,14.4743
-0.6377,1.3207,14.8676
-0.7563,-0.6599,15.7325
-1.7786,-2.9323,19.6434
-0.6240,-1.7682,16.3854
1.6636,-0.2823,14.6321
1.1266,-1.2144,15.0996
0.4528,-1.3370,15.3982
-0.4763,0.9326,14.9330
0.3643,-1.0662,15.3408
-1.2046,-1.1475,16.4228
3.6257,-0.4792,14.2290
-0.0393,-0.8086,15.4255
-2.6152,0.4111,15.8966
-1.1697,-1.3056,16.5368
1.1112,0.9362,14.2493
0.3304,-0.2142,15.0487
1.3774,0.0296,14.5916
1.5135,1.0002,13.9768
-0.7756,-0.3923,15.5906
1.3568,-1.7412,15.1619
0.7143,0.4711,14.6545
-1.3529,-1.1154,16.5278
0.3972,3.6993,13.3997
0.6781,0.4278,14.6863
-1.0502,-1.6969,16.7841
0.0269,-1.4898,15.6938
0.2247,-1.4164,15.5447
0.3091,-0.0006,14.9804
-1.7049,0.2121,15.6724
0.7253,-2.3154,15.5801
0.3949,1.0273,14.5613
0.7831,2.1906,13.7343
0.6114,-0.7018,15.1166
1.5179,0.1243,14.4953
0.2893,-1.2231,15.4346
1.7227,-0.8081,14.8140
1.6198,-1.6950,15.0769
-1.4877,-0.1488,15.8095
-1.8105,1.4325,15.1543
-1.1216,-0.7636,16.0364
0.0356,-1.8680,15.8680
0.1475,-2.0537,15.8709
-1.6983,-0.0949,15.8803
-0.6577,1.6164,14.7909
-0.8188,0.8470,15.0727
-0.4814,0.6872,15.0162
1.7052,0.8517,13.9674
0.4940,-0.7321,15.1700
-0.8093,-1.4083,16.2862
2.0258,-0.7569,14.7208
0.8422,-2.3274,15.5180
-2.2234,-1.0701,17.3451
0.1090,-1.3907,15.5993
-0.3726,-0.0169,15.2384
2.0676,1.3240,13.3061
0.6056,0.1245,14.8300
-0.8666,0.1402,15.3655
0.6541,-3.3060,15.9152
0.3412,-0.2646,15.0627
0.2334,0.7285,14.7442
1.6522,-0.8676,14.8513
1.0552,-0.4823,14.8959
0.7462,-0.5721,15.0266
0.4269,-0.1254,14.9830
0.1630,-1.1696,15.4765
0.4692,-1.9096,15.5958
0.3343,-0.6314,15.1959
1.5219,-0.4544,14.7440
0.9494,-1.9272,15.3573
-1.4841,-0.7274,16.2701
1.2171,-0.8436,14.9638
-0.1926,-0.0090,15.1664
-3.3103,3.1651,15.0272
1.4422,-0.5316,14.7956
-1.2706,-1.4603,16.7941
1.4230,0.1623,14.5131
1.8195,0.5095,14.1450
-0.0828,-2.4871,16.2937
-0.8722,-0.9968,16.0292
-0.3461,0.1630,15.1580
0.1213,1.7185,14.4203
-1.6823,0.4754,15.5104
3.2391,2.1297,10.9645
1.5877,0.8439,14.0411
1.6783,1.0613,13.8266
0.8937,-0.7897,15.0480
-0.7612,0.7042,15.1033
1.4228,0.2818,14.4541
0.4860,3.1661,13.5096
-1.0225,-0.0611,15.5303
1.5995,1.3056,13.6885
-2.3480,-0.5095,16.6910
-1.0364,1.1111,15.0535
-0.0976,-0.5154,15.3292
-1.5173,-2.0154,17.7807
-0.2819,-0.4139,15.3669
-0.4045,-1.3001,15.8859
-3.0935,1.0704,15.5728
0.3687,-1.9320,15.6656
2.0619,2.2879,12.2210
-0.9495,-3.4467,18.3264
0.5717,0.7750,14.5874
-0.0145,-0.5633,15.3128
-1.4770,1.2731,15.1238
2.0202,-1.0003,14.8051
-1.4175,-2.4282,18.1606
-0.3488,1.1982,14.8039
-0.6104,0.7237,15.0469
-1.5839,-0.7822,16.3994
1.0845,-0.2607,14.8082
0.7229,-0.7309,15.0869
0.0273,2.7007,14.1111
-1.0370,1.1358,15.0461
0.3699,1.8593,14.2172
0.9170,-1.0170,15.1106
0.0608,-0.3791,15.2099
1.4581,1.8057,13.3926
-0.6396,1.3260,14.8667
-0.3725,0.2587,15.1315
0.8207,-0.4171,14.9495
0.8551,-0.4186,14.9387
-1.5571,-0.1278,15.8308
-1.7317,0.8278,15.3555
-1.0860,-0.0306,15.5426
-1.3115,-1.2371,16.6089
-0.7658,0.2499,15.2790
-0.9828,-0.9927,16.1092
-0.9813,0.2477,15.3613
0.6507,1.8203,14.0476
-2.5707,1.7119,15.2116
-0.9858,0.8652,15.1187
-0.3713,-1.5871,16.0333
0.1188,-1.2081,15.5156
0.2742,-1.6927,15.6289
-0.2902,0.6444,14.9652
0.7394,0.9345,14.4405
-1.7556,-0.4098,16.1727
0.5774,0.5561,14.6745
-0.8278,-1.3514,16.2584
0.1623,1.0079,14.6694
-0.3103,-0.7651,15.5416
0.2269,0.9404,14.6678
-0.3606,0.8178,14.9311
1.4645,0.0067,14.5708
0.6560,2.2900,13.7885
0.1192,-0.8822,15.3814
0.0894,-0.7410,15.3385
1.6140,-1.8630,15.1139
0.6472,-2.0575,15.5443
0.0078,-1.0540,15.5079
-1.2287,-3.7986,19.2827
-2.6200,0.0432,16.2329
0.9281,-0.3849,14.9032
2.1341,2.4458,11.9272
-1.9819,0.0297,15.9285
-0.4649,0.6283,15.0308
1.1277,-0.2432,14.7876
-0.7755,1.8195,14.7784
-1.0164,-0.5611,15.8247
1.5737,0.2327,14.4183
-1.1008,0.9545,15.1231
-1.0510,-2.8750,17.9980
2.5118,-0.8918,14.6634
-0.2325,-1.8907,16.0983
-0.6151,-2.3446,16.8220
-0.4282,0.8483,14.9442
-0.7542,-0.5311,15.6564
0.1439,0.3333,14.9201
1.2757,-1.0141,14.9976
0.2335,0.4086,14.8607
-0.4545,-1.7257,16.1935
-1.0536,0.8721,15.1371
-1.4294,-2.5629,18.3596
-0.0137,-0.0028,15.0976
-2.4492,1.2155,15.3678
-0.8872,-0.4334,15.6720
-1.6737,-1.3069,17.0669
-0.0130,1.3153,14.6324
1.2598,0.2456,14.5369
1.3847,-0.0721,14.6336
-2.1082,-2.9769,20.5368
-1.7744,-1.9914,18.1580
-0.1593,1.7020,14.5652
-0.1289,-1.0562,15.5828
-0.3227,2.5108,14.3970
1.4687,0.9729,14.0228
-0.3680,-1.4697,15.9596
0.9318,-1.0130,15.1044
2.4941,0.2096,14.0542
0.1627,0.7137,14.7768
0.8944,-1.3081,15.2053
-1.2105,2.4194,14.7899
0.0712,0.1285,15.0192
2.7883,-1.3497,14.7717
-1.1368,-0.9023,16.1560
-2.2315,0.3680,15.7829
0.1387,1.9168,14.3337
1.6489,1.0988,13.8171
0.3047,-2.2434,15.8341
-0.8533,1.3481,14.9289
0.8069,-0.3192,14.9204
0.4519,1.0211,14.5379
0.9691,-1.7060,15.2894
0.0732,-1.0127,15.4569
0.8392,0.9629,14.3774
-1.0301,1.0293,15.0775
2.8995,2.6242,10.5281
1.5531,-0.6628,14.8101
0.6606,-0.0864,14.8877
0.3447,-1.9205,15.6764
-1.7699,0.0485,15.8114
-0.6663,0.4786,15.1532
0.9177,1.0436,14.2954
-0.5138,-0.7262,15.6317
0.4108,0.6723,14.6954
1.0820,1.0454,14.2037
2.8767,0.2078,13.9016
0.3590,-1.7373,15.5960
2.0476,-1.9040,15.0211
2.4110,2.8721,10.9294
1.5717,0.2703,14.3991
0.9290,1.9246,13.7733
-1.2015,1.2704,15.0520
-1.9075,0.3977,15.6382
-1.4663,-1.2826,16.8136
0.0788,-0.4115,15.2151
-1.1648,-4.1198,19.3459
-0.1087,0.1299,15.0837
-1.8332,0.0943,15.8085
-0.3090,-0.1773,15.2784
-1.2129,-1.9237,17.2238
0.1532,-0.0950,15.0702
0.7883,0.9150,14.4259
0.1662,0.0139,15.0263
-2.5892,0.0059,16.2557
-0.8281,-1.0759,16.0530
-0.1095,-0.0541,15.1523
0.7324,-1.7851,15.4149
1.2309,-2.4246,15.3561
-0.8418,0.8352,15.0840
0.5354,0.7480,14.6141
0.0138,-1.1804,15.5604
0.6248,-0.2139,14.9453
0.9438,0.2828,14.6431
-0.0292,-0.0556,15.1228
-0.9506,0.8365,15.1177
-0.4018,-2.0210,16.3401
2.3947,0.4298,13.9251
0.8061,-0.5524,14.9999
2.7404,-0.8227,14.5895
-0.3395,-0.8460,15.5972
-1.7078,0.8877,15.3230
-0.6467,-0.8491,15.7794
0.6856,-1.4188,15.3214
-1.3319,-1.4091,16.8071
-0.8930,-1.3275,16.2974
-1.5612,0.3350,15.5416
-1.9098,-1.2767,17.2956
-0.3373,0.9306,14.8858
1.3117,1.8640,13.4808
-0.3013,-1.2794,15.8024
-0.7663,2.8698,14.5387
-0.1029,-0.7211,15.4182
1.7408,-0.4747,14.6882
2.6071,-1.6038,14.8650
-1.4471,-1.5736,17.1247
1.5120,-0.4607,14.7492
-1.3218,-0.7486,16.1679
1.1777,0.5066,14.4448
-1.2978,0.2419,15.4878
0.5998,2.1835,13.8933
2.8805,0.2088,13.8992
0.2810,1.3203,14.4960
1.3921,-0.1640,14.6698
1.7165,0.9978,13.8509
2.3270,-0.8764,14.6961
-0.8912,0.2384,15.3312
0.4583,-1.2414,15.3617
0.2585,-1.0956,15.4003
0.6004,0.6390,14.6316
0.0517,-2.6472,16.2375
-1.9337,1.3709,15.2005
-0.9545,-1.2349,16.2769
2.7395,1.2985,12.7847
2.7866,0.0295,14.0792
-1.6704,0.7436,15.3746
-0.1264,-0.9638,15.5384
-0.5491,1.0622,14.9163
0.0826,0.3121,14.9496
-0.7263,-2.9606,17.4901
-0.5256,-2.2343,16.6265
-0.5062,0.3092,15.1606
0.9407,1.0662,14.2710
-0.0512,-0.1815,15.1784
-0.3826,-2.5925,16.7040
-0.2039,0.0352,15.1539
1.0056,-0.1569,14.7958
-2.8838,1.5991,15.2943
1.9019,0.9041,13.8080
-0.4947,-1.4254,16.0311
1.3340,-2.2242,15.2745
-0.9132,-0.3162,15.6181
-0.8496,-1.4536,16.3593
0.7243,-0.4676,14.9989
-0.0458,-0.6737,15.3717
-0.4008,-0.4720,15.4472
0.1310,-2.1307,15.9191
0.3748,-0.6133,15.1738
-0.4554,1.2376,14.8299
-0.4009,-1.0756,15.7551
1.6266,-1.8716,15.1123
0.1200,-0.9499,15.4083
-1.7364,-0.8548,16.6012
0.0481,2.2887,14.2469
-0.5430,0.8965,14.9671
0.0323,-0.3861,15.2239
-1.0323,-0.3359,15.6913
-2.4053,-1.1658,17.6942
1.7444,-1.8268,15.0732
2.1813,-2.9104,15.1354
0.1679,-0.2346,15.1154
-0.9319,-1.0134,16.0861
-2.4760,0.9547,15.4973
1.5437,0.2089,14.4427
0.9793,1.0744,14.2452
0.0390,0.6557,14.8438
0.9321,1.9423,13.7594
-1.9458,-0.4801,16.3683
0.0118,0.4217,14.9361
-0.6478,-0.4114,15.5367
-0.5300,1.7913,14.6958
-0.0679,2.0743,14.3930
0.2519,0.8785,14.6808
-0.3282,-0.9326,15.6349
-0.3657,-0.3630,15.3817
0.8356,0.2220,14.7090
-0.3592,0.2390,15.1341
2.2845,0.0790,14.2285
1.4785,-0.3291,14.7088
-1.7836,-0.4479,16.2260
-0.3553,-0.4262,15.4052
0.6536,-0.7791,15.1271
-0.8429,-0.4360,15.6499
0.3190,2.0625,14.1600
-0.5679,1.3140,14.8460
-0.0993,-1.4140,15.7385
-2.7728,-0.5517,17.0647
-1.1428,-2.0644,17.2806
0.3729,1.0039,14.5806
-0.1825,-0.3602,15.3015
-2.2545,-1.3115,17.7578
1.0537,1.8854,13.6940
-1.7429,0.9985,15.2878
-2.0872,0.3074,15.7683
-0.5030,0.3114,15.1586
-1.0883,-0.2279,15.6554
0.1927,-0.3377,15.1437
-0.2041,-0.4423,15.3450
-2.1153,-1.2845,17.5473
0.6404,0.9217,14.4934
3.7589,1.7320,11.2388
-0.6401,-0.4013,15.5277
-0.2601,-1.8729,16.1121
-0.1365,1.8859,14.4932
-0.5393,-0.4984,15.5271
0.3168,1.4552,14.4227
1.0028,-0.6171,14.9574
0.1871,-0.3831,15.1624
-0.1080,-0.0163,15.1375
-0.4884,0.8471,14.9650
0.0439,-0.2451,15.1660
0.3535,-1.3662,15.4572
0.2608,0.9645,14.6445
-0.3180,-0.0421,15.2273
-0.8494,-1.5185,16.4119
1.3390,0.3673,14.4454
-1.7167,1.5961,15.0878
-0.8005,-1.6035,16.4333
-0.5334,1.8347,14.6851
-0.3797,-1.4571,15.9609
2.6334,-1.1610,14.7370
-0.0399,1.0507,14.7357
1.5179,-1.2416,14.9940
-2.2993,-0.9324,17.2192
0.8536,-1.6273,15.3142
1.0700,1.7433,13.7765
-0.2840,0.7195,14.9375
-0.4450,-0.5091,15.4859
-0.1318,1.3910,14.6568
1.7355,-1.2399,14.9392
1.2763,-1.9398,15.2335
-0.0255,1.4356,14.5955
0.2511,0.3633,14.8707
-1.6669,0.1097,15.7217
-1.2505,-1.7929,17.1285
0.5796,1.9448,14.0335
-0.1995,0.6749,14.9230
-2.4683,-0.5196,16.7928
-1.7405,1.6568,15.0772
-0.7663,0.6227,15.1340
1.4693,0.8099,14.1299
0.1738,-3.0298,16.2829
-0.5396,-1.4330,16.0722
2.3090,0.9288,13.5248
-0.7324,-0.5316,15.6450
-2.9041,-1.0467,18.0197
-1.7580,0.2757,15.6546
1.8760,-1.2504,14.9097
-0.5966,-0.1093,15.3681
1.0362,0.6749,14.4248
1.0051,2.5595,13.2765
-0.2986,-0.1331,15.2562
-0.7288,-0.5823,15.6717
0.0538,-1.5709,15.7142
-0.2298,1.3256,14.7182
2.1292,1.6805,12.8653
1.5745,-0.7991,14.8497
-0.7868,0.9734,15.0212
-1.7915,1.1340,15.2489
0.6609,1.0960,14.4040
0.0753,-1.8610,15.8353
1.0999,-0.3203,14.8249
0.8858,0.8476,14.4110
0.4268,1.9645,14.1314
1.1918,2.5419,13.0744
-0.5528,1.2816,14.8504
1.5844,0.0051,14.5286
1.5534,-2.0070,15.1598
1.3710,0.1295,14.5484
-0.8327,2.1807,14.7122
0.0914,-0.8968,15.4003
1.2430,-1.0400,15.0147
-2.3046,-1.3105,17.8173
-0.2180,0.3273,15.0512
-1.1756,0.7807,15.2074
0.0477,2.3932,14.2084
-1.1129,-1.2587,16.4396
1.1549,-0.0168,14.6902
-0.7040,1.9183,14.7280
-0.5228,1.1688,14.8744
0.1488,0.1683,14.9772
-1.5303,-0.4028,16.0237
0.1245,0.8950,14.7260
-0.6116,2.2447,14.6095
0.6198,0.4467,14.7014
-1.5310,-1.7605,17.4653
-0.8351,-0.9806,15.9907
-0.5141,0.8582,14.9699
1.3214,-2.1548,15.2646
-0.7961,-1.1828,16.1052
0.7856,0.3483,14.6769
0.8207,2.0149,13.8073
2.0170,2.2273,12.3515
0.9347,-3.5163,15.7434
-1.2865,2.1380,14.8645
-0.5747,-1.3674,16.0570
1.8919,-0.6909,14.7299
2.1237,1.0636,13.5202
0.1350,-0.7488,15.3216
0.9787,1.3845,14.0691
-0.3614,0.9460,14.8892
1.8106,1.5481,13.3035
0.4221,1.3827,14.3983
-0.3791,-0.4346,15.4199
1.0925,-1.0596,15.0661
0.9141,1.5695,14.0031
1.0331,-0.6217,14.9494
-2.1997,1.5205,15.2069
-0.0858,1.3272,14.6592
-0.3355,0.0750,15.1879
0.4058,-0.7756,15.2192
2.0992,0.9065,13.6815
-0.6431,-0.2118,15.4357
0.2852,-0.7952,15.2752
-1.7760,0.9184,15.3293
-0.1263,-1.0797,15.5924
0.2813,-0.5435,15.1848
0.6168,-0.2647,14.9658
0.8186,-1.4632,15.2801
1.6576,-0.1409,14.5716
0.2402,0.5527,14.8060
-0.6058,-0.5324,15.5783
-0.0805,0.7546,14.8531
1.9244,1.9197,12.8107
1.3166,0.2870,14.4946
4.0064,-0.5881,14.2449
-0.8083,1.3170,14.9238
1.2402,-0.5667,14.8676
2.4642,0.8779,13.4755
1.7154,1.1594,13.7233
-0.8079,0.1747,15.3272
-1.6968,0.7138,15.3963
-2.0322,1.3836,15.2174
-1.4201,-1.7016,17.2431
0.1037,0.4404,14.8964
-0.8530,-1.2794,16.2246
0.5966,-1.1792,15.2808
-3.2847,-1.8797,20.4391
-0.9590,0.0421,15.4498
-0.9581,3.2353,14.5624
1.5525,-2.0482,15.1682
1.9208,1.0298,13.6905
0.3030,3.3110,13.6437
1.4494,1.2499,13.8396
2.2790,0.2917,14.0843
-1.8526,1.6789,15.0948
0.7229,0.9058,14.4617
-0.4384,-0.4453,15.4524
-1.5394,-2.4385,18.4004
1.4244,-0.9696,14.9427
-0.0440,1.1522,14.7022
-0.6174,0.1716,15.2557
-0.4295,3.9163,14.1439
-0.5945,1.8602,14.7020
-0.7550,-0.4567,15.6152
1.9424,0.2765,14.2399
2.2171,0.9148,13.5981
-1.5215,-0.2561,15.9050
1.7333,-1.0524,14.8874
0.4492,0.2175,14.8519
0.1192,-0.8731,15.3777
0.4175,0.7432,14.6651
0.6792,-0.0738,14.8767
2.2824,0.7948,13.6689
0.2443,-1.7582,15.6744
0.4324,-0.8319,15.2285
0.3540,-2.6123,15.9424
0.1378,0.9232,14.7105
-1.0955,1.5777,14.9385
0.3172,0.3545,14.8498
-2.1133,-1.8074,18.4032
0.0537,1.1064,14.6785
-1.4992,-1.1233,16.6740
0.9543,-0.1456,14.8089
-0.2730,0.5411,14.9949
-0.9788,-0.1625,15.5648
-1.7756,0.8246,15.3697
-0.3478,0.8659,14.9107
2.1785,-0.5493,14.5995
1.7007,-1.1468,14.9222
2.4954,1.3849,12.8783
3.2033,-0.3314,14.2171
0.0316,-0.8511,15.4097
-1.2004,0.1709,15.4851
3.4472,-1.4713,14.7292
-0.9216,0.1590,15.3787
-0.7494,-0.1565,15.4565
0.3551,-0.2964,15.0690
-1.2833,-0.2531,15.7723
-0.3241,1.7479,14.6240
3.4703,1.8860,11.1835
1.8394,-0.2438,14.5598
-0.4909,0.7953,14.9829
-0.4699,1.3001,14.8159
1.0933,-0.6443,14.9380
-0.4021,-1.1985,15.8252
0.0913,1.5223,14.5098
2.3280,-0.2034,14.3849
0.4096,-0.1153,14.9855
0.2309,2.1980,14.1616
1.1807,-0.2200,14.7615
0.3696,0.8024,14.6616
-1.3872,-2.9368,18.7533
-1.4974,-0.6926,16.2486
0.8184,0.0779,14.7716
0.5483,-2.2234,15.6582
-1.2003,-0.5831,15.9543
-1.3745,0.7657,15.2745
-1.1029,-1.3626,16.5244
2.3192,0.0601,14.2278
-1.7359,0.0910,15.7657
0.3592,-0.8205,15.2539
-0.5786,0.3998,15.1521
1.0682,-0.5606,14.9182
-1.1884,-0.9401,16.2273
0.0623,3.5200,13.8123
-1.0254,-0.3630,15.7040
1.2471,1.5969,13.7371
0.3247,-1.0465,15.3512
-2.3194,-0.3844,16.5220
-0.8380,-1.2402,16.1819
-1.2618,-0.5191,15.9460
-2.0006,1.1623,15.2890
-0.6937,-0.0193,15.3680
-0.3024,-0.2393,15.3014
-1.5202,-0.0466,15.7562
1.1449,-1.0568,15.0490
0.4226,0.7723,14.6515
-1.2464,0.9812,15.1566
-0.3034,-2.8923,16.7932
0.7450,0.0618,14.8038
0.1137,-0.8016,15.3517
-0.5513,-1.5018,16.1280
1.0276,-0.3754,14.8677
1.6935,-0.3559,14.6539
0.1384,1.0020,14.6814
0.5865,0.6190,14.6455
1.2122,2.8894,12.7827
-0.0660,-1.3602,15.6909
1.0837,-1.1807,15.1038
2.0301,1.7683,12.8660
-0.8226,-0.1251,15.4736
0.1707,-1.4613,15.5940
0.4927,0.1168,14.8731
0.9925,-2.1601,15.3991
-2.2505,-3.4642,21.7836
0.4519,1.8790,14.1548
1.8710,0.4015,14.1916
-1.0236,0.4363,15.2944
0.5152,1.4645,14.3105
1.9645,0.5452,14.0484
1.1450,-0.8788,14.9961
1.3995,-0.1023,14.6414
-0.9113,-1.0512,16.0985
0.5373,0.5793,14.6813
-2.6157,-0.6392,17.0715
0.7227,-0.0668,14.8591
-1.1374,1.4190,14.9922
-0.8192,-1.3756,16.2696
-0.1941,-0.2610,15.2659
0.4835,2.1583,13.9975
0.9044,-0.1116,14.8132
-1.2914,1.1857,15.1022
-0.6890,0.3514,15.2098
-0.6599,0.8661,15.0154
-0.2391,-0.9913,15.6135
-2.0802,0.4094,15.6963
2.6324,-0.4532,14.4355
-1.4640,1.0261,15.2021
-1.5033,-0.2775,15.9106
-0.2872,0.2377,15.1086
-1.3296,-0.4024,15.9018
-1.5614,2.1057,14.9392
0.7455,-0.6885,15.0652
0.6964,0.6250,14.5975
0.2978,0.4872,14.8085
0.3806,2.5320,13.9016
1.2889,0.4006,14.4498
1.7777,-0.5218,14.6963
1.0530,1.0552,14.2145
0.5976,-0.3003,14.9848
-0.7878,-1.7089,16.5065
-0.9908,0.2526,15.3628
-0.0992,2.7682,14.1790
-1.0939,-1.7874,16.9253
-0.4379,0.8569,14.9447
1.1963,-0.6491,14.9082
-0.4288,0.1633,15.1884
-1.5412,2.7687,14.8271
1.2389,0.7145,14.3068
0.5361,-0.5711,15.0994
-0.1601,0.0087,15.1475
0.0160,-2.3911,16.1453
0.2698,-1.0113,15.3628
0.5379,-0.0672,14.9234
-0.2015,1.1040,14.7798
-0.8167,2.8706,14.5616
-1.0838,0.6533,15.2269
-0.2051,2.0222,14.4830
-0.8935,0.4796,15.2312
-0.4367,-0.3964,15.4289
-1.7951,1.0908,15.2658
0.8758,-0.2573,14.8757
-0.8632,-1.6658,16.5495
0.2812,1.0488,14.6033
-1.1804,-0.8427,16.1407
0.6421,0.9899,14.4620
-0.3793,0.7484,14.9607
2.2889,0.7228,13.7302
-0.8917,-1.8600,16.7521
1.5508,0.8099,14.0849
-0.6475,0.2015,15.2548
2.2208,-2.2357,15.0439
0.3591,-2.2956,15.8145
-0.1614,1.5852,14.6048
-1.4460,1.3635,15.0889
0.5330,-1.4114,15.3868
-1.4247,1.4723,15.0530
-0.6859,0.2220,15.2608
-1.6284,0.7909,15.3410
0.3164,0.7389,14.7076
-0.3346,1.6771,14.6500
-2.6939,-0.6457,17.1439
1.9629,-1.4938,14.9522
0.9280,-0.8717,15.0624
0.7672,0.3602,14.6791
-0.6730,-1.2442,16.0514
-0.6553,-0.4637,15.5677
-1.0023,-0.4834,15.7662
-3.4024,0.0645,16.5663
0.1115,-0.8614,15.3766
0.9930,0.0685,14.7130
0.3934,1.3514,14.4268
-0.0098,-0.2341,15.1825
-0.4006,-1.9371,16.2831
0.6598,-0.2610,14.9498
2.0059,-0.9736,14.7998
-0.7572,-0.6080,15.7024
-1.4893,1.1748,15.1582
0.5380,0.6430,14.6556
-2.8913,0.3547,16.0480
1.1720,-0.6719,14.9230
-0.0486,-1.3558,15.6779
0.5822,-0.4368,15.0372
1.5263,2.0337,13.1257
1.4247,1.4974,13.6710
0.8610,0.4792,14.5918
-0.6185,-0.1652,15.4030
0.6675,-0.2447,14.9415
0.8426,1.0175,14.3485
-0.2561,-1.0540,15.6547
-2.4713,-0.0980,16.3010
-1.7888,-1.0639,16.8902
-0.2752,-0.1985,15.2734
1.1468,-2.4392,15.3956
0.9811,0.4127,14.5721
0.0967,1.2152,14.6209
-1.3850,-1.4290,16.8870
0.0354,0.4742,14.9091
1.1265,-0.6035,14.9144
-0.5139,0.1724,15.2165
-0.5129,-0.4005,15.4662
-0.9776,-0.9269,16.0558
-1.6239,2.7835,14.8455
1.6007,-0.0240,14.5367
-0.2277,0.1119,15.1338
-0.8409,-0.0048,15.4227
-2.8093,0.0496,16.3180
-0.5238,0.5275,15.0863
1.6822,0.8252,13.9999
-0.3560,-0.1196,15.2736
0.0109,-0.9166,15.4472
1.8546,0.4601,14.1609
-1.9340,0.5004,15.5863
-2.6597,1.0811,15.4755
-1.6056,0.4055,15.5199
1.1791,1.3146,13.9799
0.4861,-0.8245,15.2048
1.3590,0.0643,14.5827
-2.1173,1.0110,15.3799
-3.2847,0.1211,16.4482
1.5146,0.3729,14.3675
-0.0314,-0.6574,15.3585
-1.2750,-0.2412,15.7600
-0.1533,-0.0104,15.1522
-1.4181,-0.6057,16.1167
1.2249,0.8571,14.2334
-0.2930,-2.3608,16.4459
-0.1836,-0.0440,15.1764
-0.0151,-1.5227,15.7365
-1.4032,-0.9197,16.3838
0.8693,-0.8378,15.0713
3.6911,-1.5424,14.7297
-1.3722,-1.5371,16.9927
-0.3836,0.4394,15.0693
1.4691,-0.6364,14.8245
-1.1657,0.2137,15.4495
2.1267,0.3431,14.1149
-0.3995,1.3489,14.7756
3.8189,-1.2635,14.6221
-1.0659,2.0510,14.8188
-0.6397,-1.6647,16.3235
-0.4022,-0.2871,15.3642
1.4036,-0.7262,14.8730
-2.3490,-1.8969,18.9541
-0.4962,-2.2556,16.6073
0.3946,2.1202,14.0814
0.1845,0.8074,14.7342
1.2288,0.2608,14.5420
1.0710,0.6685,14.4118
0.2330,0.2186,14.9292
-0.8441,-1.2040,16.1596
3.3382,1.3728,12.2035
3.1453,3.3342,8.9178
1.9818,-0.7878,14.7426
-2.2797,0.1090,16.0070
0.2491,-2.2805,15.8922
0.8881,0.7928,14.4365
-3.5230,0.1369,16.5213
0.5570,0.1670,14.8317
-1.3548,1.3235,15.0774
-0.1287,-0.3101,15.2590
-2.0425,-1.9034,18.4556
-1.0397,-2.1541,17.2286
1.0454,1.3558,14.0427
-1.4259,-1.5318,17.0503
-1.8518,-0.1045,15.9688
-0.2011,0.9918,14.8168
2.3472,-2.3411,15.0371
-0.1668,-0.0464,15.1710
-0.5899,2.8623,14.4529
-2.1364,1.9418,15.0843
-2.1682,-1.7269,18.3473
-1.8845,-0.9017,16.7863
2.5175,2.3895,11.4612
-2.4142,-0.6499,16.9238
-1.3612,-1.1044,16.5246
1.5153,1.1726,13.8513
1.0691,0.9905,14.2419
-1.3058,-0.4865,15.9493
-0.0825,-0.3381,15.2514
-1.4817,-0.9032,16.4338
1.4607,-1.3441,15.0359
-1.3372,-0.9394,16.3473
-1.6628,1.7487,15.0379
1.1261,-0.9012,15.0087
0.4019,-1.1998,15.3725
-1.7559,0.0732,15.7873
0.2717,3.1404,13.7402
-0.1826,-1.0805,15.6250
-0.4133,0.5569,15.0380
1.5339,0.1618,14.4706
1.0887,-1.3321,15.1445
2.8042,-1.0217,14.6586
0.9529,0.5323,14.5298
0.9123,0.0614,14.7446
-1.0868,-0.1119,15.5877
0.6447,1.0323,14.4415
-2.6612,2.1953,15.1052
0.1996,-0.3734,15.1541
-0.0627,-1.2251,15.6245
0.8035,-1.3170,15.2421
1.5621,-0.0438,14.5595
0.5692,-1.4482,15.3826
-0.9458,-0.9989,16.0857
-1.6375,-1.6683,17.4898
-1.0373,1.4590,14.9531
-1.0502,1.1776,15.0371
-0.6323,-0.9469,15.8294
-1.6281,-1.1136,16.7893
-2.6122,1.1620,15.4260
-0.7434,0.7487,15.0820
-2.7909,-1.6851,19.2125
-1.0995,0.2598,15.4012
-0.5820,-1.4742,16.1353
-0.9438,1.9927,14.7932
-1.0128,1.4785,14.9408
0.1933,-0.7926,15.3132
-0.3732,-3.0473,16.9890
-1.5147,0.9534,15.2427
0.9530,0.8056,14.3991
2.4678,1.5537,12.6904
0.5520,-1.7294,15.4865
2.2850,0.2782,14.0915
-0.2734,-0.4539,15.3806
1.7024,-0.0103,14.4939
-0.4894,0.1846,15.2026
-1.0535,1.5866,14.9243
0.1069,-2.0364,15.8941
-0.3950,1.5176,14.7226
1.5815,-0.6397,14.7942
0.4947,0.2457,14.8251
-0.3015,0.3902,15.0582
-0.0936,-0.8067,15.4510
-1.9059,1.1725,15.2627
0.1428,-0.9863,15.4121
0.9890,-0.4136,14.8934
1.0076,0.5247,14.5099
-0.3609,1.2609,14.7886
0.5697,1.1438,14.4282
2.9448,0.2831,13.8075
-2.9645,0.0641,16.3752
0.9106,0.4328,14.5919
-0.2372,-0.1608,15.2430
-0.6074,0.7511,15.0366
0.6275,1.8031,14.0729
-0.5273,0.5251,15.0884
-1.3897,-0.7643,16.2319
1.0748,1.4908,13.9384
2.0026,1.7973,12.8622
0.1461,0.7747,14.7611
-0.4609,-0.3428,15.4152
-1.0300,0.8152,15.1498
-1.2026,2.0764,14.8537
-1.2033,-0.7444,16.0790
-1.2958,0.6687,15.2892
-0.4120,0.8461,14.9394
1.1918,-0.5298,14.8697
1.7488,1.1530,13.7051
0.0288,0.7897,14.8004
-0.1967,-1.2547,15.7207
0.3716,-0.3617,15.0861
-3.7056,-2.2213,22.0730
0.2295,0.9970,14.6454
-1.6508,-0.2251,15.9541
-1.5593,0.7456,15.3396
1.8103,0.1708,14.3573
-0.9802,0.8886,15.1090
0.2817,0.9972,14.6230
-0.3956,-0.9321,15.6738
2.6650,-0.8416,14.6126
0.9790,1.8556,13.7763
0.6867,0.4562,14.6715
0.1908,-0.1258,15.0676
-0.7194,-1.7530,16.4709
-2.2555,-0.2693,16.3544
-0.5932,1.1199,14.9130
-1.3593,0.7373,15.2813
0.4443,-0.3939,15.0711
0.1080,0.9180,14.7242
-0.3235,0.3774,15.0705
0.8818,1.4860,14.0737
0.1658,-1.8523,15.7670
-1.0766,0.0435,15.4991
-0.1934,-0.0166,15.1696
-0.2062,-2.0399,16.1620
1.9874,-2.4190,15.1179
0.8306,1.7389,13.9631
-3.7032,-0.6431,17.8698
1.1781,-0.0609,14.7000
-0.3754,0.0069,15.2299
0.6912,-0.2860,14.9478
1.2002,-0.8300,14.9646
0.1911,-0.4434,15.1830
-1.7955,2.0550,14.9988
-0.4696,-1.1733,15.8567
-0.4261,-0.3827,15.4177
1.4155,0.7273,14.2100
-0.4639,0.6014,15.0398
0.8981,0.5829,14.5302
-0.7696,-2.7097,17.3494
-1.5168,3.2468,14.7630
-0.5007,1.1347,14.8774
2.5004,0.9438,13.3833
-2.1355,0.6545,15.5652
-0.6294,-0.4285,15.5364
1.6278,-0.3731,14.6807
-0.0810,1.3204,14.6594
-0.9026,0.9288,15.0717
0.1217,-0.5719,15.2589
-1.5986,0.8843,15.2933
1.3953,-0.6850,14.8618
-0.5533,-0.7106,15.6453
-0.3782,0.1865,15.1609
-0.1516,0.4140,14.9968
0.0493,0.2919,14.9687
-0.4842,-0.3130,15.4120
-0.7092,2.9375,14.4978
-1.2472,-1.9504,17.3010
-0.6412,0.5821,15.1067
-0.9387,1.7906,14.8391
0.8792,-2.2912,15.4886
2.0271,1.3542,13.3088
-0.1954,0.1326,15.1142
0.7929,-1.3272,15.2493
-0.3622,-0.3922,15.3931
2.0631,0.6658,13.9052
0.2872,2.1703,14.1347
0.5015,0.9779,14.5333
-1.1331,0.2517,15.4180
-0.6673,1.1258,14.9355
-0.0872,0.1002,15.0867
-0.6483,2.7955,14.4974
2.4903,-0.1560,14.3054
1.9125,0.0024,14.4118
-0.8175,0.0454,15.3893
-1.3599,-0.5701,16.0483
-0.2272,0.4440,15.0129
0.1057,-0.2378,15.1398
-0.8442,0.2443,15.3108
2.6817,0.0859,14.0744
-2.3019,3.0437,14.9439
-1.4312,-1.9300,17.5398
0.6348,-1.6841,15.4298
0.8084,-0.1001,14.8417
-0.2991,2.3356,14.4352
3.2291,1.2979,12.4034
2.0748,-1.8471,15.0050
2.5114,-1.1676,14.7602
-1.2186,0.5402,15.3178
1.1635,-2.5786,15.4181
0.0180,1.4618,14.5666
0.3480,3.6773,13.4644
1.5006,-0.4421,14.7457
-0.9209,0.1955,15.3618
-1.6428,-0.2943,16.0044
0.9762,-0.3944,14.8909
-0.1553,1.5630,14.6095
0.5875,0.2696,14.7822
-0.7259,1.1721,14.9403
-0.5160,2.4265,14.5203
2.4341,-0.2483,14.3776
0.5453,-0.7241,15.1482
3.3108,1.7877,11.5154
-1.5201,1.5899,15.0449
0.2466,1.4003,14.4808
1.9460,-0.4033,14.5996
0.1245,-0.8799,15.3780
0.5001,-1.6288,15.4784
2.1162,-0.6396,14.6533
-0.8275,-0.4920,15.6739
1.3417,-1.1337,15.0127
0.1599,-0.2859,15.1371
0.3634,-0.8127,15.2494
2.5630,-0.2017,14.3107
1.2805,-0.7051,14.9015
0.4748,1.8010,14.1767
-1.3328,-2.2509,17.7883
1.0942,0.8189,14.3224
-0.5074,1.3637,14.8102
-3.0414,0.7590,15.7637
-3.0755,-1.5460,19.2927
-1.8735,-0.6608,16.5040
0.8330,1.8875,13.8737
-0.2778,0.6135,14.9715
0.7862,-0.4202,14.9620
-0.3865,-0.0500,15.2572
-1.1481,0.5688,15.2819
-1.7061,-0.7734,16.4892
0.2933,1.2465,14.5197
-0.0376,0.2950,14.9986
0.4769,-0.7496,15.1825
-0.4829,0.5536,15.0630
-0.4651,-1.8382,16.2792
-0.0665,0.5643,14.9140
2.0122,0.3684,14.1492
0.9258,0.4623,14.5727
-0.0290,-1.6621,15.8140
-0.1390,-0.1275,15.1915
-0.1381,0.9016,14.8239
0.4919,-0.8693,15.2180
-1.8886,1.3588,15.1945
-1.6722,-1.8374,17.7719
0.6827,-0.9156,15.1613
-1.6264,0.9949,15.2578
0.9060,-2.8321,15.6130
-0.3936,0.8218,14.9411
0.5504,-2.0065,15.5825
-1.3285,0.2392,15.5014
0.3873,-0.8702,15.2602
0.6136,3.6634,13.1432
0.2070,-1.5105,15.5936
-1.0443,2.2065,14.7792
1.2833,-0.7739,14.9227
-1.1760,1.0689,15.1072
0.6520,-0.8572,15.1534
-1.3504,1.3611,15.0653
-1.5876,-1.0651,16.6959
-1.1848,1.8985,14.8868
-0.5887,2.0696,14.6445
0.3398,-0.8868,15.2859
-0.3294,-1.5227,15.9613
-3.5466,-0.0116,16.7265
-2.4734,0.5503,15.7421
0.1543,-0.8448,15.3506
0.0143,0.8400,14.7882
0.9202,0.7511,14.4415
-0.0191,-1.8325,15.8919
-1.7163,-0.4103,16.1477
1.9147,1.1616,13.5789
1.0481,-0.8186,15.0075
0.4578,-1.9965,15.6343
-0.4747,0.0319,15.2583
0.5504,-1.1611,15.2939
0.3120,0.7706,14.6973
0.7846,-0.3577,14.9411
-0.8168,-0.5674,15.7123
0.0702,2.7248,14.0705
1.0218,0.9900,14.2679
0.7171,-1.1370,15.2194
0.2538,-0.8296,15.3012
-2.3359,-0.8795,17.1773
-0.4396,1.4404,14.7627
0.4749,1.4145,14.3558
0.3730,0.4746,14.7850
1.0471,0.3216,14.5862
1.6204,-0.9175,14.8751
-0.1724,0.5299,14.9635
-2.2467,-1.4661,18.0066
1.2946,-1.2102,15.0473
-2.1386,-2.8084,20.3044
1.0469,-0.7145,14.9751
0.7793,-1.9547,15.4435
2.0169,0.7103,13.8957
0.5703,-0.5381,15.0760
0.0986,1.0234,14.6899
0.8605,0.6001,14.5386
-3.2299,0.0495,16.5121
1.0757,0.8066,14.3383
-0.1459,0.4678,14.9759
1.1560,-1.0650,15.0480
0.0721,0.5055,14.8848
0.1363,-1.5143,15.6371
0.2803,0.0310,14.9793
2.1508,-0.7883,14.7027
-0.3888,-1.7641,16.1593
-0.0162,1.0585,14.7236
-0.8253,1.1107,14.9902
0.6697,1.7914,14.0496
1.1493,1.3046,14.0061
1.9366,1.0285,13.6811
-0.0953,-0.0445,15.1434
1.8687,1.4781,13.3201
-2.2152,1.6702,15.1655
1.7977,1.2752,13.5649
0.7458,-0.0507,14.8452
-1.7375,0.6005,15.4643
0.9143,0.8133,14.4140
0.3229,1.1582,14.5412
2.1095,1.5947,12.9812
-0.8251,-0.5289,15.6942
-1.2180,-1.1952,16.4792
0.4841,-0.1365,14.9668
-3.4648,1.6308,15.3556
-0.1961,3.7006,13.9980
0.5636,-1.4076,15.3715
-1.4962,1.7824,14.9924
-0.6439,0.0379,15.3224
1.2657,-0.1559,14.7085
-1.0511,0.0260,15.4972
0.8347,-1.5225,15.2912
-1.1003,0.3927,15.3406
2.3894,0.9033,13.4977
0.9515,0.9194,14.3423
2.2433,-1.4831,14.8952
1.9062,-0.4804,14.6438
2.0463,-0.3448,14.5436
-0.9157,2.3954,14.6962
0.4521,-1.1114,15.3186
1.2485,1.0203,14.1227
-1.7953,0.6256,15.4707
0.8229,-0.8370,15.0867
0.7699,-0.9181,15.1308
0.0840,-1.7076,15.7575
-0.5429,1.6543,14.7389
0.6653,-0.4459,15.0116
1.4612,-0.1081,14.6230
-1.0405,-2.1264,17.2012
0.3084,0.5874,14.7675
1.1078,-0.3271,14.8248
1.6458,1.2080,13.7332
0.3215,0.1882,14.9084
-2.2743,0.1813,15.9439
-0.4406,0.7497,14.9812
0.6753,0.1305,14.8028
-1.2664,0.2234,15.4848
0.9814,1.1353,14.2104
-1.1755,-0.0025,15.5673
2.6122,-2.2419,14.9837
1.5323,1.8625,13.2728
0.1405,-1.3024,15.5437
0.1115,1.4003,14.5458
-2.9863,0.6269,15.8481
-0.0567,-1.9552,15.9846
-0.1340,-1.4503,15.7800
1.4166,-0.9140,14.9283
1.0389,0.2123,14.6368
0.6620,2.4902,13.6722
-0.5800,-2.7953,17.1240
1.9338,-0.3485,14.5787
-1.8702,-0.2748,16.1235
0.7640,-0.6266,15.0385
1.6243,0.7663,14.0734
1.6604,-1.9584,15.1206
-0.5338,-0.5456,15.5481
-1.1003,-0.7143,15.9850
-0.0716,1.0733,14.7403
1.3789,-0.6115,14.8419
3.0024,-0.6274,14.4424
0.6054,3.2142,13.3527
-1.1628,1.3277,15.0248
3.2019,-0.4481,14.2947
0.2153,-2.3469,15.9481
0.1374,0.0163,15.0358
-0.5795,0.1823,15.2371
-0.9132,-0.1125,15.5079
-1.1779,0.3800,15.3746
-1.3371,-0.7893,16.2139
-0.1717,0.4516,14.9907
1.0819,-1.1818,15.1047
1.0745,3.0931,12.8251
-0.6834,1.3859,14.8639
0.5439,-1.0838,15.2704
-0.3773,-1.7787,16.1583
-0.1372,0.5601,14.9406
-0.7771,-0.3673,15.5778
-0.5653,1.8808,14.6851
-0.2474,2.8325,14.2594
-0.5672,-0.5697,15.5778
-1.6297,0.2236,15.6336
0.9689,0.4817,14.5461
-0.3713,0.0315,15.2186
0.6956,-1.9400,15.4811
-1.3365,-0.2901,15.8262
-0.6790,-1.4819,16.2250
0.6605,0.0817,14.8263
1.1690,-0.4963,14.8652
-0.0519,-0.2494,15.2046
0.9200,0.7035,14.4644
0.0254,-0.1598,15.1411
1.4548,1.9704,13.2553
1.5729,0.4204,14.3152
0.0165,-1.7069,15.8039
-1.2733,1.3593,15.0457
-1.8769,1.2235,15.2374
-0.3743,-0.3031,15.3591
-0.8075,-0.9263,15.9341
1.1081,-1.7223,15.2409
-1.9216,1.8274,15.0720
0.6942,0.2167,14.7632
-0.8960,-0.2029,15.5475
-0.8819,-0.2362,15.5586
-0.0535,0.7128,14.8577
1.3537,0.0114,14.6082
-1.6319,1.4769,15.1013
-0.1485,-1.1738,15.6506
0.4482,-0.8435,15.2263
0.9497,-0.4486,14.9181
0.5037,0.0919,14.8782
0.3071,-0.0372,14.9941
-1.2829,0.1985,15.5044
0.7042,-0.1692,14.9022
1.6821,-0.2663,14.6194
-1.4489,-0.6935,16.2137
0.6178,-1.5639,15.3986
-1.5772,0.1486,15.6570
0.4550,1.9691,14.1099
1.9502,-1.8323,15.0275
-0.1517,1.9412,14.4824
-1.4017,-1.5642,17.0587
-1.6510,-1.0029,16.6872
-1.8646,0.0471,15.8579
-0.0771,-1.9016,15.9731
-1.2010,-1.2990,16.5611
1.7156,-0.3766,14.6559
0.8546,-1.9730,15.4126
0.5614,-0.1063,14.9292
0.7325,-1.0649,15.1908
0.0636,1.4406,14.5532
-1.9945,1.9176,15.0650
1.6481,1.2688,13.6824
-0.3519,-1.8591,16.1863
-1.6892,0.8592,15.3297
-0.3300,-1.0427,15.6931
-1.4021,-0.2697,15.8482
0.3260,1.0227,14.5938
1.2622,-1.3631,15.0978
-1.2459,0.9672,15.1613
0.1826,-0.9956,15.3970
-1.7080,0.0232,15.7996
0.3250,-1.1104,15.3749
-0.5532,3.1664,14.3665
0.2189,0.4199,14.8620
0.2243,0.7033,14.7569
0.8981,0.5888,14.5275
-2.9458,-0.9343,17.8484
-0.3978,0.5433,15.0374
0.5273,1.0065,14.5092
-1.5380,0.7306,15.3395
-1.9623,-0.1802,16.0936
-0.5670,-0.5661,15.5758
-0.0881,-1.3381,15.6939
-0.8689,0.2207,15.3305
1.8850,3.7286,10.9577
0.2107,-1.7429,15.6894
0.1342,-1.4952,15.6300
-1.0257,-0.5638,15.8321
2.1390,0.1397,14.2457
-1.7444,-0.9798,16.7482
0.6699,-0.5799,15.0552
0.3415,0.8939,14.6377
0.4410,-0.8080,15.2167
1.4593,-0.3539,14.7245
-1.0208,0.9016,15.1170
0.7122,0.9244,14.4582
1.6975,0.4373,14.2487
1.2112,-0.8608,14.9708
0.8842,0.2366,14.6849
1.3574,-0.5795,14.8372
-1.3592,-1.4041,16.8316
-0.4902,-0.6873,15.5982
-0.0756,0.5500,14.9222
0.2820,-0.5592,15.1902
0.5768,0.3938,14.7386
-0.0757,-0.6758,15.3863
0.3006,0.4530,14.8200
-0.3076,2.2560,14.4632
-1.8722,-1.9440,18.2440
-1.3088,0.5791,15.3314
-0.5068,1.2805,14.8349
1.6251,-1.8436,15.1070
-1.0607,0.6632,15.2156
2.3689,-1.3434,14.8370
0.6025,-2.4142,15.6871
-1.0887,3.0443,14.6455
-0.2305,-0.8369,15.5342
-1.2607,-1.8635,17.2209
-2.4513,-1.7947,18.9186
-0.4832,0.0723,15.2451
0.3219,-1.5304,15.5367
0.2612,-0.2534,15.0878
0.9161,0.4432,14.5851
-1.9953,1.0375,15.3376
2.4806,0.2753,14.0094
0.1192,1.1048,14.6518
-1.2980,-1.8692,17.2780
0.6475,-0.0898,14.8934
-1.2871,0.9812,15.1683
-1.2395,0.1735,15.4998
1.0964,-0.4352,14.8667
-1.2080,-1.4822,16.7484
-0.8194,0.5550,15.1768
-0.5487,-0.4999,15.5325
1.5091,2.3318,12.8726
0.1224,-0.1753,15.1106
0.1748,-0.8676,15.3504
-0.4299,0.5014,15.0633
-2.1490,-0.7033,16.7751
-1.2910,-0.3654,15.8529
-2.6638,2.3746,15.0725
0.0799,-0.9924,15.4451
-0.3323,0.3182,15.0951
0.8370,2.3984,13.5579
-1.4206,2.9905,14.7650
-0.1724,-0.6301,15.4114
-0.6864,0.9546,14.9952
-1.3490,-0.0764,15.6920
-0.2595,0.2606,15.0902
-1.5434,-1.0034,16.5888
0.5556,-1.9072,15.5455
2.3192,-0.1520,14.3583
0.6401,-0.4696,15.0283
-1.4138,-0.6042,16.1124
-0.4237,-1.0429,15.7513
0.5675,0.3264,14.7680
0.1722,-2.3259,15.9747
0.8884,2.2696,13.5892
-1.5678,-0.0251,15.7650
-1.6377,1.4333,15.1150
-1.5052,-0.6151,16.1854
-1.2494,-1.0621,16.3846
0.0809,-0.2727,15.1621
0.0192,2.7802,14.0892
-2.0638,0.5947,15.5762
0.5698,0.8855,14.5416
1.2258,-1.0454,15.0213
-1.4935,-0.2463,15.8820
2.0530,-1.4376,14.9203
-1.0581,-0.9648,16.1455
-0.1761,0.0061,15.1545
-0.3239,0.3098,15.0952
0.6403,-1.0100,15.2078
-0.3389,-0.3361,15.3582
-3.5286,4.0680,14.9898
-2.6455,0.6901,15.7010
1.7929,0.0277,14.4418
-0.1762,-2.1150,16.1776
1.2340,0.5872,14.3780
1.1100,-0.9693,15.0341
1.0636,0.5326,14.4820
-0.0813,2.0730,14.4009
-0.0179,3.3022,13.9489
0.9513,1.4502,14.0483
-1.0504,-1.8203,16.9050
1.1572,0.0319,14.6694
0.7322,-0.3551,14.9578
1.8836,0.7946,13.9060
-1.0390,0.7853,15.1633
2.5703,2.1690,11.7183
0.3722,0.1377,14.9085
3.6405,0.9672,12.6541
0.7231,-1.3215,15.2752
-1.4507,-0.7254,16.2433
-1.9147,-0.3911,16.2591
-0.1818,1.6509,14.5923
-0.4730,0.9552,14.9246
0.1275,-1.5266,15.6478
0.4542,-0.6317,15.1503
1.0436,-0.2216,14.8072
-0.4607,0.6695,15.0152
0.0411,0.8904,14.7602
0.5188,-0.8839,15.2126
0.2113,0.1737,14.9530
3.6719,-0.5455,14.2657
-0.9022,-0.9313,16.0043
-1.3247,-0.1457,15.7238
0.8136,1.9049,13.8786
-0.2278,-0.9479,15.5860
2.1421,-0.2127,14.4487
2.4339,0.5039,13.8441
-0.8328,-0.9779,15.9872
-0.0115,-0.0094,15.0993
-1.5477,-0.6533,16.2500
-0.9582,-2.2582,17.2163
-0.4750,1.2359,14.8373
-3.1443,-1.4455,19.1429
-0.9589,0.1409,15.4020
-0.0908,-2.5354,16.3285
1.3101,-4.2014,15.5857
1.5081,2.2580,12.9414
-0.3205,-0.7396,15.5346
1.4064,1.0909,13.9808
-0.0891,0.8309,14.8300
-1.2284,-1.0361,16.3433
0.3349,0.8903,14.6419
-0.2701,-1.1777,15.7272
-1.0217,-0.9504,16.1064
-3.5580,-2.3103,22.1199
0.5528,-0.7522,15.1549
-1.0782,0.6953,15.2090
-1.7077,0.9895,15.2819
1.1334,-0.2885,14.8025
-0.8134,1.2767,14.9370
-1.6811,-1.0688,16.7901
0.6218,0.2276,14.7856
2.0534,1.6889,12.9308
-0.3664,0.4337,15.0653
-0.7610,-0.3654,15.5687
0.3950,1.2989,14.4483
0.2169,-0.9044,15.3458
-2.8718,0.9443,15.5992
0.7555,2.5720,13.5343
-1.4158,1.3248,15.0927
0.7184,0.9759,14.4314
-1.0396,0.2341,15.3901
-3.0016,-0.1343,16.6326
0.0387,-0.4088,15.2300
-1.5071,-2.0559,17.8189
-2.6266,-0.3981,16.7470
0.6456,-1.1391,15.2479
1.6609,-2.6545,15.2399
0.9260,-0.2197,14.8455
1.1927,-1.7645,15.2213
-0.3009,-1.9631,16.2041
-0.9323,0.4883,15.2412
0.4767,0.1447,14.8686
-0.8704,1.3471,14.9344
1.1338,0.6552,14.3892
1.6199,0.2048,14.4145
-0.5385,0.3531,15.1555
0.0350,1.3646,14.5938
-0.1855,1.5516,14.6264
-0.4347,1.3704,14.7820
-1.3554,0.1803,15.5440
1.6571,0.4923,14.2338
-0.3245,1.0188,14.8526
0.4733,-2.5732,15.8327
0.7545,-0.9132,15.1346
1.3175,-1.4322,15.0990
2.3737,-0.8046,14.6586
-2.2574,1.9684,15.0980
-1.9378,1.3679,15.2023
1.2543,0.5238,14.4019
0.0109,2.3361,14.2533
-1.0989,0.7934,15.1790
-0.5627,0.6502,15.0563
0.0256,0.7695,14.8087
0.2351,-0.7904,15.2945
-1.6990,-0.2547,16.0052
0.9005,0.4652,14.5818
0.3104,-1.6384,15.5857
0.4364,-0.9191,15.2575
1.5604,-1.3873,15.0203
-0.3352,1.2044,14.7970
0.2031,0.2577,14.9258
-2.2931,0.6821,15.5987
0.8580,0.9636,14.3676
0.7438,-0.1384,14.8777
-0.5402,-0.4863,15.5214
0.7010,0.0972,14.8061
2.3632,0.5934,13.8033
-0.6877,1.5744,14.8127
-1.0849,-0.8577,16.0820
-0.6830,0.3265,15.2175
0.5192,-0.1328,14.9533
-1.3745,-3.6020,19.4814
1.1781,-1.7875,15.2321
0.0268,-0.9186,15.4402
-1.2937,-0.0980,15.6785
0.9503,-0.7897,15.0295
-0.4353,0.5413,15.0510
-0.0623,0.6577,14.8800
-1.9901,0.6986,15.4952
-0.3346,-0.6946,15.5202
1.2048,1.5378,13.8116
-2.5211,0.8127,15.5881
-1.2476,0.9322,15.1740
2.7850,-0.1078,14.1796
-1.7182,-1.6323,17.5496
0.0696,-1.2347,15.5536
-1.2221,1.6407,14.9575
-1.2680,0.7509,15.2474
1.1928,0.2308,14.5699
0.5936,0.1348,14.8305
0.0129,0.9231,14.7596
-0.3536,1.2323,14.7949
-1.5708,0.5371,15.4396
-0.9477,-0.7346,15.8982
-1.3959,-2.0818,17.6780
-0.3187,0.5706,15.0005
-0.3487,2.0972,14.5305
1.2333,-0.5546,14.8656
0.6908,-0.0447,14.8621
0.0397,-1.8381,15.8505
-0.0751,-0.4465,15.2915
-0.3321,2.2790,14.4691
1.2579,0.7949,14.2518
0.2984,-0.4952,15.1607
1.4367,-1.1158,14.9814
-1.1430,0.8739,15.1636
0.1131,-1.2002,15.5153
-2.5465,-1.0177,17.6002
-0.6031,1.0951,14.9240
0.7006,0.4284,14.6773
-0.6251,0.4734,15.1409
-2.5495,-1.3569,18.2047
-0.6581,-0.7819,15.7464
0.5292,-1.9221,15.5655
2.0278,0.7096,13.8901
0.1191,-0.6086,15.2740
-0.2005,-1.1333,15.6617
0.7991,-3.1638,15.7654
-1.5281,-0.6026,16.1906
-0.3390,1.2927,14.7706
0.3389,0.6138,14.7459
-0.1113,0.8834,14.8202
-1.4447,-0.7838,16.2914
-1.2814,-0.6518,16.0603
0.9164,1.1637,14.2321
1.0345,0.6756,14.4252
0.7725,0.4317,14.6477
-0.1157,-0.1995,15.2103
-1.6267,-0.9925,16.6533
-0.9662,-0.6276,15.8381
0.6546,0.7089,14.5796
2.5793,-0.4724,14.4593
0.5996,-0.6918,15.1175
1.6992,0.5363,14.1860
0.8384,-0.4621,14.9589
-0.3356,0.1507,15.1588
1.0717,-0.0947,14.7498
0.0212,-0.8819,15.4275
-0.9428,0.1178,15.4065
0.1934,-0.3206,15.1372
0.9917,-2.0945,15.3827
-0.2325,1.0311,14.8153
1.1486,1.5654,13.8353
-0.4535,0.8356,14.9570
-2.0471,1.4977,15.1843
0.5282,1.8914,14.0970
1.5589,-0.4444,14.7293
0.4580,3.2083,13.5214
0.0378,-0.1558,15.1350
-1.0092,-2.1837,17.2152
0.3152,2.7650,13.8541
-1.2486,-1.3051,16.6141
-0.0830,0.6110,14.9036
-0.2760,0.3228,15.0734
1.6485,-0.6934,14.7946
-0.6232,0.0227,15.3208
0.8045,0.4782,14.6153
-1.1607,2.9450,14.6871
1.2633,0.1784,14.5666
1.7073,0.5104,14.1986
0.9451,3.7772,12.6207
-1.1411,-0.3760,15.7754
-1.5807,1.6735,15.0378
0.0805,-0.9047,15.4086
0.4464,0.7801,14.6385
-2.0881,0.6004,15.5810
-1.6514,1.6011,15.0721
0.6862,-0.9121,15.1588
-0.0869,-1.0077,15.5374
0.4380,-3.0133,16.0157
-0.3412,1.6393,14.6643
0.7457,1.4712,14.1695
-1.5953,-0.2003,15.9042
1.7651,-0.3714,14.6389
-0.3722,-0.5338,15.4625
-0.9964,-0.5658,15.8158
-3.3873,-1.0794,18.5600
0.6237,-1.0730,15.2349
3.2128,-1.0624,14.6103
0.3259,0.3354,14.8536
-0.5046,0.7774,14.9935
-0.6228,-2.7253,17.1344
1.5548,-2.3106,15.2166
1.5016,-1.2340,14.9962
2.9162,0.0647,14.0062
-1.7777,-0.3529,16.1359
0.0753,1.9011,14.3759
-0.8787,-0.1105,15.4913
0.9401,-1.3429,15.1988
-1.5332,-1.3155,16.9222
-1.4828,-0.6791,16.2258
-0.1350,-2.9045,16.5811
-2.0599,-0.5142,16.4856
3.1122,0.0490,13.9520
2.2683,1.9925,12.3345
-0.9252,1.1040,15.0227
-1.5886,-1.8394,17.6515
2.2048,-2.2466,15.0484
-0.5190,-1.2707,15.9515
0.1089,-1.9066,15.8321
3.4679,0.7599,13.0364
-0.8728,-0.5764,15.7498
-1.2010,-1.1215,16.3961
-1.4699,-1.7707,17.3944
-0.4490,-0.4277,15.4492
-1.1243,-2.2061,17.4077
2.3277,-0.8854,14.6992
0.1531,-1.9658,15.8268
0.3585,0.1493,14.9092
1.9467,0.2684,14.2431
-1.0776,1.7079,14.9009
-0.2558,-1.1932,15.7263
-3.5626,0.8936,15.7825
-1.5189,0.3836,15.4992
-1.3536,-1.3083,16.7240
1.4264,1.7471,13.4703
-1.1501,2.7704,14.7106
0.6375,0.9393,14.4869
0.2762,2.5071,13.9973
1.3220,0.0712,14.5931
2.3210,1.1701,13.2679
-1.2574,-1.9225,17.2834
0.2117,0.5921,14.8024
0.3994,1.7310,14.2566
-1.0512,-1.7114,16.7992
-0.0979,0.3998,14.9828
1.7286,-2.0935,15.1281
-0.5108,2.3690,14.5326
1.2318,0.6836,14.3273
-0.7455,-1.5077,16.3047
0.9815,0.3395,14.6042
-0.3353,-0.5888,15.4704
2.4328,-0.7227,14.6121
0.3226,-0.4892,15.1495
-1.1207,-2.2996,17.5042
-0.4595,-1.4976,16.0490
0.6973,0.5988,14.6082
-2.2858,-1.2679,17.7241
-0.8753,2.4093,14.6782
0.4821,0.5640,14.7091
-3.0592,1.2803,15.4547
-1.0754,1.2805,15.0139
0.3848,1.3277,14.4413
0.7994,2.7838,13.3625
0.6348,0.3022,14.7522
-2.3238,0.1920,15.9572
1.0169,-0.1964,14.8067
-0.8933,-1.1968,16.1947
1.5049,0.1563,14.4845
1.6929,0.3153,14.3231
-0.6598,-0.6963,15.6977
2.3363,4.2512,9.5802
-0.0747,-0.3897,15.2686
0.1195,0.0586,15.0270
-1.3605,-1.3530,16.7782
0.3382,-1.4025,15.4788
-1.0561,-2.3090,17.4141
2.2919,1.7584,12.6061
-0.0890,-1.8055,15.9320
-0.8102,0.5205,15.1867
-0.9351,-0.1097,15.5164
2.2534,-0.4696,14.5437
0.5681,-0.3352,15.0071
0.3054,1.4692,14.4229
-0.2757,0.0755,15.1653
-1.4178,-0.0290,15.6953
0.8830,-0.3854,14.9181
-3.3563,-1.1536,18.6982
-1.2817,2.1640,14.8581
0.7226,0.7175,14.5464
0.0092,-0.8041,15.4007
-1.7289,-0.0559,15.8672
-1.1346,-1.3702,16.5628
0.7302,0.9422,14.4413
-1.5418,-2.2202,18.1003
0.1585,-2.0100,15.8428
-0.4193,-0.1456,15.3102
0.9100,-0.8275,15.0545
-0.2905,-1.4833,15.9089
-1.1005,-1.8476,16.9948
-2.0867,0.5440,15.6139
2.0248,-1.2211,14.8696
0.0348,-0.3936,15.2258
-1.1469,-0.1188,15.6201
1.0844,0.4113,14.5304
-0.1839,1.1490,14.7582
-0.0092,-2.5316,16.2416
1.4008,-0.0870,14.6345
-0.4798,-0.3458,15.4252
0.2894,0.4412,14.8284
0.8536,-0.2251,14.8716
0.6668,-0.8573,15.1481
0.3890,-4.9438,16.4683
-1.1571,-1.6537,16.8651
1.4229,1.4782,13.6873
0.1945,-0.9324,15.3666
0.3154,-1.3793,15.4817
-1.0503,-1.6421,16.7315
0.2539,1.0426,14.6176
0.0567,-0.7364,15.3512
2.0328,-2.2708,15.0861
0.0175,-0.0712,15.1113
-3.2880,1.5346,15.3739
0.8100,-2.1593,15.4877
-1.0269,-0.1435,15.5771
-1.1339,-0.3955,15.7841
1.6829,-0.5351,14.7280
0.1417,0.3224,14.9248
1.8425,-1.1973,14.9029
-3.8733,-1.1288,19.0852
0.1797,-1.4032,15.5643
-0.0874,-1.0517,15.5578
-1.4876,-2.9708,19.0194
0.6128,1.6528,14.1600
-0.9242,1.2129,14.9895
0.8542,-0.4927,14.9641
-1.7412,2.6144,14.8948
1.3238,-0.2879,14.7413
-0.0153,0.1019,15.0600
-1.2105,0.8390,15.1965
1.9172,0.5058,14.0998
0.3029,0.7809,14.6970
0.9917,0.0946,14.7030
0.9174,-0.3883,14.9078
1.5692,-1.1986,14.9692
-0.7760,0.0837,15.3550
-0.4598,0.4996,15.0742
0.2035,-0.2529,15.1088
-0.0391,-0.4218,15.2667
1.0641,-1.9923,15.3259
0.8583,-0.3975,14.9304
0.7656,-0.7373,15.0742
-1.2356,-1.0646,16.3750
-2.1090,0.2508,15.8180
-0.4298,-0.9805,15.7205
2.5429,-2.7313,15.0531
0.7352,0.3208,14.7072
-0.0523,-1.6980,15.8488
-0.6757,0.3491,15.2060
2.7753,-1.3644,14.7779
3.2115,1.0437,12.7904
0.6545,0.3388,14.7306
0.4682,0.5981,14.7013
-1.4586,-0.9392,16.4492
0.6343,-1.2401,15.2853
0.4187,-1.1677,15.3533
1.8627,1.1841,13.5968
1.6036,-1.3938,15.0109
-0.9366,1.5877,14.8894
1.1146,2.0501,13.5242
-1.1771,-0.6118,15.9604
-2.5636,1.2547,15.3745
-1.0449,0.7386,15.1822
-1.8180,-0.1362,15.9761
-2.0621,0.8833,15.4240
-0.1429,-0.1013,15.1829
-1.8050,-1.0197,16.8528
-0.2975,-1.0102,15.6568
-1.7529,-2.0038,18.1417
2.1351,0.1535,14.2385
0.0108,0.7148,14.8334
1.3319,1.0944,14.0252
-0.5981,0.6864,15.0556
-1.1992,1.1409,15.0908
-1.9195,-0.8073,16.7058
-0.7006,-1.5656,16.3070
1.1678,0.4694,14.4674
1.8868,0.3710,14.2041
-0.8335,0.7706,15.1035
-0.0957,0.8643,14.8210
-0.5899,0.1663,15.2475
-0.5651,-1.2198,15.9534
-1.2936,-0.3585,15.8496
-0.9479,-0.5686,15.7888
-1.2415,-0.9938,16.3167
-0.6479,-0.1984,15.4315
-2.7090,-0.4835,16.9198
1.4264,-0.4644,14.7760
0.6071,-1.2425,15.2974
-1.2798,0.7225,15.2623
-0.5337,-0.0137,15.3005
1.4451,1.0563,13.9802
0.9146,1.0411,14.2984
-1.0760,1.1268,15.0601
0.5010,1.0735,14.4928
1.7503,-1.5982,15.0232
0.9980,-0.3270,14.8602
-0.7730,1.7242,14.8018
-2.4460,-0.6756,16.9851
0.6712,0.3908,14.7038
-2.7271,0.4990,15.8664
1.0799,1.4198,13.9799
-2.0484,-0.3637,16.3196
0.7653,1.4198,14.1846
-0.2673,-0.1593,15.2543
-1.4145,0.1057,15.6117
-1.3775,0.6580,15.3200
0.4221,-0.9552,15.2761
1.3801,4.0146,11.7574
0.6014,1.5500,14.2185
0.7106,1.8519,13.9872
-2.2296,1.4908,15.2220
-1.2565,-0.2197,15.7364
0.1105,-0.0961,15.0862
-0.6913,0.1005,15.3140
-0.3152,-1.5914,15.9908
-0.4656,2.6194,14.4455
-0.6523,0.0646,15.3142
1.8224,1.8392,13.0038
1.7121,2.5600,12.3887
1.1475,-0.4441,14.8538
-0.4026,-1.5834,16.0566
0.4229,0.3358,14.8180
0.6993,-1.2434,15.2601
-1.9740,1.4715,15.1774
0.0050,0.1506,15.0351
-1.2615,-0.1717,15.7084
-1.7776,1.7272,15.0674
1.3095,1.8206,13.5167
-3.3127,3.0598,15.0367
-0.9420,0.4714,15.2513
-2.4647,0.1488,16.0581
-0.5913,0.9898,14.9531
-0.7903,-0.7928,15.8352
0.3377,-1.0764,15.3565
1.2699,0.2009,14.5537
-2.5688,0.0674,16.1837
2.5863,0.4291,13.8347
-0.1669,2.7314,14.2366
-1.0772,1.5662,14.9363
-0.8280,-0.5891,15.7316
1.0591,-0.8302,15.0076
-0.0731,-0.5428,15.3298
-1.3766,-0.2214,15.8008
-0.5322,-0.6188,15.5850
1.0837,0.0231,14.6990
1.0190,1.3497,14.0637
-1.9271,-1.6310,17.8360
-0.2853,1.0232,14.8371
0.8195,0.1360,14.7488
0.6606,-0.0405,14.8711
2.0666,2.0289,12.5259
0.6202,-1.5409,15.3899
-0.5033,0.8720,14.9618
-1.5814,-1.0870,16.7139
1.0213,0.7402,14.3991
0.3795,2.0956,14.1034
0.1643,1.5747,14.4535
-1.1323,0.4048,15.3468
-0.3939,-0.6081,15.5085
0.1936,1.9279,14.2969
-0.6574,1.8617,14.7253
-0.9935,0.9102,15.1058
-1.0339,0.5486,15.2517
-0.2587,-1.5363,15.9153
1.0203,0.8232,14.3572
1.7138,-0.4960,14.7042
0.8722,1.4902,14.0777
1.5266,0.3342,14.3835
0.4049,1.5478,14.3352
-2.5359,1.1924,15.3960
0.6058,3.2071,13.3557
-1.4296,1.2680,15.1133
2.9099,-0.1899,14.1984
0.7469,-1.1523,15.2129
0.2355,-0.2001,15.0780
0.2612,-0.7490,15.2680
-0.3891,-0.4674,15.4396
-1.5180,1.3802,15.1019
-0.4714,1.5076,14.7545
-0.2219,-1.5893,15.9172
-0.9331,-2.1135,17.0406
-0.0834,-0.0583,15.1441
1.1127,1.4220,13.9559
3.0679,-0.1767,14.1434
2.6733,-1.9376,14.9258
0.3562,0.2837,14.8614
0.7673,0.4492,14.6425
1.2468,0.7717,14.2708
-1.0734,-0.8441,16.0633
-0.5533,1.6461,14.7451
-1.3744,0.1969,15.5428
-1.1484,-0.9415,16.1969
-1.9812,2.2363,14.9997
-0.3580,1.4830,14.7188
0.7552,-0.0300,14.8344
-0.0082,-2.1019,16.0198
-1.3930,-2.6380,18.3867
1.3638,0.4847,14.3734
0.0876,4.4817,13.5815
-0.3950,-0.6285,15.5189
-0.4835,-0.6513,15.5760
-0.2429,1.7588,14.5849
-1.4236,-0.6455,16.1540
1.8058,0.6412,14.0620
-1.2733,0.2414,15.4783
1.1249,-0.0978,14.7329
1.5859,-0.4257,14.7141
2.1543,-2.0362,15.0241
-0.3399,0.5086,15.0295
0.2556,1.3618,14.4917
-0.2241,1.3573,14.7056
-1.0751,1.9856,14.8358
-1.7371,-0.6435,16.3815
1.4513,0.8838,14.0922
0.3218,1.4313,14.4301
-0.9987,-1.2477,16.3263
-0.7044,-1.0882,15.9696
0.6511,1.3269,14.2990
-2.2661,1.5706,15.2037
3.3427,-1.8559,14.8391
-0.6760,0.2882,15.2302
-1.3889,-0.9796,16.4284
-1.0656,0.1720,15.4299
1.1645,-0.3987,14.8325
1.5228,-0.4971,14.7596
0.1183,0.9701,14.7012
0.5125,0.4450,14.7434
-0.8432,0.5127,15.2010
0.0616,-0.7782,15.3659
1.7621,0.8987,13.8985
0.9449,-4.3847,15.8587
-0.0288,0.8098,14.8149
1.4189,-0.5728,14.8169
-1.4750,1.0956,15.1809
1.5024,0.1899,14.4687
3.6966,-0.1775,13.9831
-0.7260,0.3963,15.2054
1.1288,0.9974,14.2049
-0.5208,-0.0117,15.2946
-1.0763,1.7232,14.8968
2.1955,-1.3865,14.8798
1.3266,-3.2910,15.4691
-0.6348,1.4872,14.8189
-2.1989,1.3821,15.2523
0.2082,-0.2250,15.0970
2.6551,0.0025,14.1452
0.9925,0.7345,14.4156
-1.5850,-0.2617,15.9452
-1.7837,-0.7361,16.5131
-0.3278,-0.1403,15.2708
-1.2332,0.1543,15.5073
-1.6237,-2.0525,18.0018
0.7099,-1.2314,15.2521
0.9929,0.2995,14.6171
0.4259,1.0018,14.5577
-0.4520,0.9640,14.9146
0.2844,0.4786,14.8166
2.5010,2.4966,11.3265
1.2607,0.0501,14.6246
-0.0215,0.3957,14.9571
-0.6327,1.1962,14.9029
-1.5206,-1.0625,16.6299
1.3537,0.7621,14.2212
1.6077,1.4656,13.5500
-1.6645,-0.7735,16.4555
0.5007,0.6027,14.6867
-1.0816,-0.7195,15.9761
0.2442,0.3757,14.8687
1.5027,-0.5446,14.7827
-0.5467,-0.8006,15.6910
-0.2579,1.7141,14.6057
1.0738,-0.9812,15.0489
0.0476,0.0690,15.0491
-2.7546,1.2440,15.4166
0.4390,-1.3246,15.4003
-0.4914,1.5866,14.7390
0.7259,-0.7014,15.0761
1.1521,-2.0847,15.3128
0.1324,0.4782,14.8726
-1.1765,0.5683,15.2917
-1.3340,-1.2984,16.6935
2.1486,-0.3744,14.5278
2.0775,-0.5164,14.6121
0.1060,-1.4017,15.6059
0.8226,0.2051,14.7205
1.6430,-2.6344,15.2425
-1.2480,-2.8020,18.3013
0.9444,2.6746,13.2675
0.7893,-0.6155,15.0264
-0.3232,1.6377,14.6573
-0.4695,0.4567,15.0930
-0.4142,-1.2344,15.8542
1.3499,1.1126,14.0018
1.2524,0.2239,14.5498
0.3144,0.3952,14.8360
-2.4769,0.0662,16.1403
1.1329,-0.2565,14.7909
-0.6402,0.5057,15.1342
-0.4417,-0.1681,15.3291
0.3370,-0.8638,15.2787
-3.0706,1.3285,15.4336
0.7853,-1.0941,15.1805
-0.6623,-1.2520,16.0484
0.2672,-0.6423,15.2263
1.1108,-0.6076,14.9206
-1.3819,1.9318,14.9316
1.1185,0.1885,14.6170
-0.4765,-1.1212,15.8306
-1.3353,0.3638,15.4405
-0.1505,-1.4585,15.7954
1.0827,1.1118,14.1650
1.8375,-0.5164,14.6776
-0.5403,1.1492,14.8864
1.0832,0.1926,14.6285
1.0502,-0.0869,14.7541
-0.4084,-0.4986,15.4633
0.2687,-1.8586,15.7005
0.4097,-0.3746,15.0769
0.8410,-0.0100,14.7971
2.2461,-0.9327,14.7335
-0.2966,1.9631,14.5460
-1.7481,-0.6794,16.4260
-0.1167,-1.3886,15.7372
-0.0983,0.0304,15.1165
0.9025,-0.5533,14.9685
-1.5927,1.3233,15.1371
1.2101,0.7308,14.3121
-0.8373,-0.2952,15.5688
0.3209,-0.4914,15.1509
1.2366,-1.8855,15.2348
1.4329,-0.4398,14.7650
1.5388,0.9204,14.0169
1.4514,0.1763,14.4953
-0.8483,1.0281,15.0229
0.0891,-0.9682,15.4306
-0.3333,1.3531,14.7495
1.4121,1.0030,14.0366
2.3454,3.0284,10.8313
-0.2676,-1.8139,16.0835
-0.7994,1.1980,14.9558
-2.3378,-0.1580,16.2880
0.8591,-0.0856,14.8190
-1.7883,1.0091,15.2956
0.2533,-1.1782,15.4348
1.6732,0.3889,14.2887
1.2367,0.1232,14.6014
-0.4338,-1.9897,16.3514
0.5520,-0.4737,15.0604
-1.4976,-0.1183,15.7935
-0.2157,0.2655,15.0727
-1.9007,1.6194,15.1201
-2.9499,-0.8759,17.7448
0.2216,1.7475,14.3539
-1.0996,0.4044,15.3352
-0.7887,0.5947,15.1517
0.5076,-2.2610,15.6977
0.5303,0.1495,14.8477
1.7449,1.2924,13.5901
1.0527,1.1160,14.1801
1.0366,-0.3887,14.8695
0.2977,1.0536,14.5942
0.4062,-1.0110,15.3026
-0.0496,-0.7789,15.4178
-1.5615,-1.0196,16.6224
0.2208,0.6751,14.7686
0.3803,-0.4285,15.1065
-0.3650,-1.7072,16.1023
0.5691,1.3273,14.3443
0.3104,-1.4662,15.5180
1.5179,-0.7155,14.8376
-1.6151,0.0297,15.7508
-0.3064,-1.6949,16.0452
3.0136,1.4639,12.3209
0.7282,0.5070,14.6341
1.1224,-0.7537,14.9642
-3.3597,-0.3258,17.1024
-1.6320,0.8391,15.3215
0.2528,1.0927,14.5987
0.1034,-1.8408,15.8056
-0.0433,1.3049,14.6489
-0.8754,-0.9194,15.9768
-0.8712,-0.0226,15.4442
1.0520,-0.2397,14.8111
0.7004,-0.3628,14.9712
-0.9661,-1.1640,16.2297
-0.4066,0.4239,15.0829
1.7829,-0.6070,14.7274
-0.1605,1.4330,14.6548
-2.2364,1.4685,15.2305
-0.4905,-2.1317,16.5113
-1.1238,-0.2799,15.7051
-0.9886,-0.8842,16.0322
-0.8723,2.1049,14.7436
2.0920,0.2676,14.1818
0.2537,-3.2547,16.2850
-1.8905,0.7216,15.4526
-1.7981,1.4673,15.1413
1.1964,-0.2723,14.7762
-0.4942,-1.1817,15.8788
-2.7376,-2.4157,20.8366
1.4962,0.1418,14.4950
1.0321,0.1646,14.6595
-1.3619,1.4645,15.0394
-1.6799,-0.9674,16.6745
-1.0307,-1.2295,16.3393
0.8373,-0.9301,15.1110
-0.0237,0.6515,14.8681
0.9905,0.8792,14.3431
0.4152,-1.7620,15.5729
2.1294,-0.5636,14.6185
0.4182,-1.3639,15.4245
-0.1897,-1.1058,15.6416
-2.4877,-1.4173,18.2381
0.0037,0.8137,14.8014
-1.5138,-1.6617,17.3165
-0.6690,1.9943,14.6956
-1.4340,0.8094,15.2751
0.6569,1.7434,14.0839
0.7231,-0.7430,15.0907
1.6256,0.2319,14.3977
-2.8983,-0.9748,17.8781
0.1431,0.2471,14.9511
-1.1147,0.9207,15.1388
-0.7583,-0.5490,15.6689
1.9939,1.3654,13.3249
-0.2996,2.8695,14.2827
-2.6098,-1.3155,18.2017
2.1575,2.8242,11.4143
0.2488,-0.8870,15.3250
-0.2899,-0.3736,15.3530
-0.4910,-2.6356,16.8774
-1.0323,-0.5116,15.8017
-1.5865,-0.4514,16.0994
-0.7215,-1.3683,16.1790
0.6248,0.9161,14.5031
1.0856,2.1551,13.4767
0.7067,-0.9584,15.1663
0.0504,1.9357,14.3769
-0.1310,1.1337,14.7429
-0.4480,-0.6781,15.5709
0.2242,-0.3874,15.1499
0.6896,-1.2294,15.2595
0.0095,0.8123,14.7998
-0.2813,0.3829,15.0536
1.9024,-0.8821,14.7940
1.9805,1.4909,13.2099
0.7332,0.6776,14.5592
-0.3569,0.4010,15.0737
0.1843,0.1222,14.9810
4.3681,1.2831,11.7934
0.0931,-0.1592,15.1156
-0.3950,-1.0947,15.7618
-0.9843,-1.3700,16.4166
0.3365,-1.6566,15.5778
-1.5442,1.4308,15.0937
1.3945,-1.2825,15.0382
0.2544,1.3714,14.4885
1.4837,0.7641,14.1512
-0.6449,0.9185,14.9935
-0.3405,0.2313,15.1302
0.3613,-0.3245,15.0767
0.4898,0.9540,14.5487
0.9920,-0.5416,14.9359
0.2685,0.0143,14.9895
-1.2583,-0.1649,15.7025
-0.6931,-0.4053,15.5560
-2.0253,1.5290,15.1706
3.1420,2.6117,10.1937
-1.2206,-0.1527,15.6762
1.5214,2.1618,13.0143
-0.7341,1.1451,14.9511
0.2097,-1.1139,15.4308
-0.1937,0.6940,14.9144
0.4643,-1.2066,15.3468
0.5813,-0.2117,14.9595
0.2831,-0.7169,15.2472
2.0128,1.6232,13.0418
0.0851,0.6590,14.8256
0.3904,-2.6371,15.9216
-0.8772,0.5249,15.2079
-0.6616,1.5687,14.8053
-0.4561,-0.2457,15.3692
2.0502,-1.6302,14.9654
0.3555,2.2874,14.0333
-0.6956,-2.0028,16.6458
-0.4988,-2.5456,16.8224
0.0854,-0.6756,15.3144
0.4110,0.3559,14.8149
1.5465,1.6625,13.4341
-1.1140,-3.3789,18.6301
-1.0223,-1.8249,16.8753
-0.5159,-1.9990,16.4435
-1.4148,0.2310,15.5406
-0.2635,-1.5710,15.9386
0.2167,1.1099,14.6080
-1.0693,0.2285,15.4043
2.7984,-0.1027,14.1718
1.3669,-0.5058,14.8087
-1.4992,0.7892,15.3028
0.2303,-0.8110,15.3043
-0.6470,-0.5600,15.6147
-1.8326,0.7089,15.4410
-0.5270,-1.3078,15.9810
-0.4691,-0.2502,15.3768
-2.1889,1.1130,15.3532
1.3966,-0.4284,14.7717
-0.9274,-0.9423,16.0304
0.6279,0.1051,14.8293
-1.3120,-1.0009,16.3825
-1.4329,0.2029,15.5637
-0.9111,0.8462,15.1020
-0.2207,1.5051,14.6564
-1.5754,0.5578,15.4310
1.2039,-0.5661,14.8784
0.4533,1.0783,14.5133
2.1385,0.1821,14.2187
-1.8206,1.9529,15.0246
-0.3680,-2.4650,16.6005
0.9785,0.9203,14.3279
-0.7758,-0.7734,15.8137
-0.5067,-2.6003,16.8730
-0.4166,-0.3684,15.4069
2.1233,0.6234,13.9063
-0.8221,1.0526,15.0071
0.3979,-0.1502,15.0020
-0.9018,0.7079,15.1476
2.7369,-0.9677,14.6496
0.1111,-0.3886,15.1938
-0.4473,0.9272,14.9249
0.5862,2.3622,13.8100
-0.7946,0.1733,15.3227
1.5662,1.6172,13.4557
0.2017,0.7299,14.7559
-0.9337,0.2985,15.3208
0.3797,0.8234,14.6492
2.3354,-3.2868,15.1369
-0.1235,-3.1117,16.6763
2.5183,1.4276,12.8050
0.8496,3.7366,12.7837
2.3419,0.7243,13.6984
-1.0483,-1.5270,16.6208
-0.6628,-0.1818,15.4302
3.0331,-1.0812,14.6443
0.1707,-0.8466,15.3440
-0.0795,-0.4937,15.3125
0.0137,-1.4437,15.6806
0.4074,-1.3473,15.4236
1.4969,-0.1851,14.6441
-1.4819,-1.0776,16.6094
0.1890,-0.9900,15.3918
-0.5245,-0.2427,15.3976
1.1854,-0.4257,14.8355
-0.4047,1.6307,14.6925
1.1582,0.5437,14.4348
-0.8484,0.7487,15.1159
-0.9000,-0.4747,15.7035
0.8884,-1.4517,15.2494
0.0405,0.2136,14.9997
-1.7859,-0.7924,16.5753
0.6455,-0.1582,14.9185
-0.5237,-0.3123,15.4294
-0.2515,-0.2830,15.2985
1.1364,-0.8392,14.9866
-1.8785,1.3447,15.1968
1.6778,0.4093,14.2746
2.1814,-1.0408,14.7833
0.1207,-0.0456,15.0641
1.5043,-0.9517,14.9159
0.1127,-1.8162,15.7877
1.1864,-1.1534,15.0639
1.2797,0.0755,14.6066
-0.7753,2.3924,14.6428
-1.2966,-1.0040,16.3723
-1.5333,-0.3579,15.9898
0.7930,-1.3942,15.2696
-0.0548,0.8622,14.8065
-0.3392,-0.5068,15.4344
1.3050,2.0069,13.3740
0.7240,-1.1158,15.2100
2.7469,1.6322,12.3148
-1.2099,-2.0813,17.3961
-0.2277,-0.4659,15.3654
1.4575,-2.1243,15.2122
3.1574,2.0741,11.1589
0.2444,0.2717,14.9060
0.4273,-0.5385,15.1278
-1.9461,-0.6734,16.5749
-1.0866,0.6343,15.2352
1.1922,-1.3828,15.1246
2.0479,0.8737,13.7424
-0.4943,-0.6461,15.5791
0.0632,-0.0054,15.0705
-0.2511,-1.1199,15.6854
-2.1525,0.1080,15.9478
-0.8541,-0.5236,15.7072
-1.2386,-0.4436,15.8773
0.9483,-1.5387,15.2513
1.2684,0.6428,14.3319
-0.2032,-0.6658,15.4417
0.5794,-0.8172,15.1669
0.1817,-0.2482,15.1152
-1.6762,0.8611,15.3251
0.6122,1.3997,14.2857
-0.3144,0.6356,14.9766
0.8895,-0.3767,14.9130
0.5991,-0.0408,14.8926
-1.3202,0.7395,15.2681
1.3219,0.1020,14.5793
-1.5503,0.6544,15.3772
-0.1151,-0.6055,15.3745
0.5961,-1.0900,15.2515
-1.4678,-0.0060,15.7044
-0.1756,1.2005,14.7379
-0.8549,-0.9964,16.0163
1.6917,-0.9150,14.8562
0.1571,-0.5283,15.2280
-0.0279,0.6665,14.8645
3.3552,0.5903,13.3048
1.6570,0.9177,13.9481
-2.5984,-0.9956,17.6161
2.6440,-0.3972,14.4019
-0.1189,0.6671,14.8971
1.1827,1.2613,14.0118
-0.8685,0.2166,15.3321
1.0416,0.3457,14.5776
-0.5404,0.3524,15.1564
-0.5427,0.9320,14.9555
-0.0907,0.2900,15.0193
-1.2541,0.0387,15.5794
0.3072,-1.1885,15.4127
-2.5277,0.0541,16.1767
-0.7837,0.1971,15.3082
0.2811,0.2025,14.9177
-0.5695,-0.3374,15.4624
0.4709,-0.5781,15.1255
-0.2355,1.1989,14.7615
1.8181,-1.1399,14.8925
-0.7642,-0.2687,15.5196
0.4449,-0.2274,15.0126
-0.6374,-3.3666,17.6404
0.9145,-1.5743,15.2744
2.5412,2.5935,11.1224
-0.3714,-1.0933,15.7460
-0.7678,0.9049,15.0373
-0.6750,0.9325,14.9987
-1.5645,0.1693,15.6388
-1.3953,-0.5984,16.0950
1.4528,-1.2319,15.0087
0.7955,2.1694,13.7361
1.7776,0.1958,14.3563
0.9957,-0.8795,15.0428
1.6615,1.1134,13.7972
1.0820,1.2226,14.0999
0.6309,-0.8954,15.1738
-0.6819,-3.5674,17.8617
-0.5247,-3.3380,17.4191
0.2770,-1.7326,15.6434
0.0133,0.8326,14.7912
-1.6782,-1.1165,16.8425
-0.1284,0.1710,15.0758
1.1265,0.0970,14.6532
-1.0187,-2.0692,17.1129
1.2879,0.3229,14.4887
1.5887,-1.2369,14.9745
-1.4221,3.7764,14.6840
0.8075,0.4839,14.6117
2.0024,0.7344,13.8847
0.5979,1.9501,14.0175
0.2894,0.3121,14.8753
-1.3074,-1.4308,16.8034
0.4898,-4.1987,16.2761
-0.1860,-2.1790,16.2240
-0.6648,-1.2075,16.0202
-1.7406,-1.2868,17.1166
-1.6409,2.6738,14.8643
0.2911,0.2955,14.8806
-1.2344,-0.3495,15.8099
0.0705,-0.1610,15.1247
2.2698,0.4643,13.9578
0.6793,-0.1215,14.8938
2.7135,1.2931,12.8128
-2.6483,-1.5642,18.7451
-0.0416,-2.5191,16.2683
-0.0898,2.3391,14.3149
-1.3241,-3.4077,19.1533
0.5719,0.1713,14.8247
-0.8215,1.8342,14.7904
0.5565,0.8213,14.5746
0.4802,-2.4999,15.8015
-0.8214,-1.0258,16.0124
-1.6346,-1.9905,17.9311
1.5212,-0.8989,14.8954
-0.3324,0.1192,15.1697
-3.5249,-0.4133,17.3390
-0.9560,-2.4288,17.3819
-0.9745,-1.2676,16.3213
-0.8816,1.9287,14.7876
0.3181,0.4992,14.7965
-0.5252,-1.3661,16.0170
2.0688,0.1590,14.2614
-1.0205,0.2145,15.3918
-2.2378,-0.5109,16.6117
0.5612,0.6021,14.6626
0.3029,1.5900,14.3738
-0.5177,-2.9627,17.1516
-0.9625,0.2313,15.3616
1.9414,-0.4878,14.6371
0.7539,2.4289,13.6199
0.2653,0.0104,14.9921
-0.0870,-0.4604,15.3021
-1.7526,-0.3904,16.1533
-0.7524,-2.5734,17.2042
-0.1683,1.6904,14.5732
0.1499,-1.3898,15.5755
-1.7026,-1.1802,16.9431
1.5033,-0.1369,14.6213
-0.3217,-0.5858,15.4624
-1.3760,-1.1093,16.5431
0.6013,1.2739,14.3518
0.3706,0.4344,14.8008
0.8814,0.1752,14.7108
-1.2629,-0.2201,15.7400
0.0030,-0.9118,15.4490
0.5689,0.6828,14.6267
-0.3072,0.5159,15.0156
0.1014,-1.4591,15.6339
1.8277,-1.8833,15.0646
0.8777,-1.7074,15.3271
0.7164,0.1776,14.7702
-0.8496,1.2632,14.9521
0.6080,-0.4615,15.0367
-1.0547,1.7497,14.8841
-0.2372,-0.8381,15.5382
0.2736,-1.9403,15.7311
-0.9801,-0.1608,15.5645
1.2313,-0.0861,14.6920
1.0627,-0.5769,14.9254
1.0147,1.7287,13.8299
1.3503,0.5876,14.3233
0.4440,-0.8827,15.2417
0.4947,0.2583,14.8204
0.8263,2.3461,13.6004
-0.5780,1.2331,14.8736
0.8008,0.9526,14.4017
-1.0583,0.3183,15.3585
-1.0660,0.2891,15.3747
-0.8478,-0.7044,15.8150
-1.2863,0.4159,15.3974
-1.2567,-0.2937,15.7848
-0.1673,0.8601,14.8486
-1.7472,3.2385,14.8238
-1.5206,-0.5790,16.1648
3.0123,-0.3602,14.2838
-0.2586,1.3532,14.7206
-0.3634,0.2442,15.1337
-0.4065,2.0146,14.5812
-1.2571,-1.0122,16.3462
2.8344,0.1132,13.9966
-0.8468,-0.4866,15.6813
-0.8713,-0.7261,15.8436
0.0389,2.0576,14.3383
-1.9108,0.2699,15.7213
2.7018,0.5730,13.6445
-1.1861,-1.5573,16.8003
0.5922,-1.0761,15.2484
-2.0418,0.3395,15.7279
1.0188,-1.0367,15.0829
-1.8765,1.8696,15.0537
0.7673,5.2182,12.6241
-1.0512,1.7358,14.8865
-1.3739,2.3184,14.8541
-1.1851,0.4172,15.3603
0.0912,0.0064,15.0560
1.2215,-0.2100,14.7443
-0.0949,0.7026,14.8762
-2.0332,-1.2379,17.3823
-1.4999,1.0018,15.2207
-0.0703,-0.1663,15.1799
0.6072,0.3318,14.7511
0.1505,-1.6743,15.6984
-1.5025,-0.2711,15.9054
-0.2355,-1.0494,15.6403
-0.0024,-0.3509,15.2242
0.5113,1.7325,14.1859
1.3120,1.0111,14.0912
0.5420,-0.4443,15.0539
-0.8117,0.8045,15.0849
0.1945,-0.3939,15.1636
0.5374,-3.0606,15.9439
-1.4368,0.3757,15.4725
1.1121,-1.1318,15.0808
-0.2970,-2.7412,16.6908
-0.3414,-0.0668,15.2463
0.6055,-0.8633,15.1726
3.3038,0.6510,13.2552
-1.1228,0.4720,15.3140
1.8188,-0.1935,14.5429
-1.3889,0.3135,15.4863
0.8525,0.1551,14.7293
-0.3604,1.6120,14.6804
0.4674,-1.6748,15.5120
0.3734,1.3871,14.4219
-2.5865,-0.4355,16.7682
-2.1048,1.2889,15.2656
-1.9721,0.8877,15.3970
1.5675,0.5123,14.2639
0.5880,-0.1643,14.9405
-0.2208,0.5859,14.9611
-1.0759,-1.2576,16.4045
1.7449,1.6816,13.2358
0.7255,-2.4772,15.6282
0.8119,-0.8109,15.0821
-1.2104,-0.4355,15.8550
1.1100,-0.3749,14.8412
2.6766,-1.3699,14.7941
0.9683,2.9033,13.0894
1.1439,1.6152,13.8050
-1.8820,-0.6757,16.5268
0.2459,0.1469,14.9502
1.0156,0.6490,14.4470
0.2319,0.4050,14.8626
0.0760,-0.4219,15.2202
-0.6308,0.5924,15.0995
1.1439,-0.1173,14.7341
1.9676,1.8023,12.8929
0.3510,0.0208,14.9579
-0.3417,-0.0570,15.2425
-0.9781,-1.3678,16.4090
-1.1241,-1.7383,16.9122
0.0939,0.4773,14.8869
0.7974,2.2752,13.6707
0.6145,0.3544,14.7397
-1.2012,0.1586,15.4918
0.6977,1.1199,14.3738
-0.5721,1.5633,14.7753
0.9214,1.5058,14.0357
-0.5272,0.7024,15.0264
-1.6548,0.9935,15.2660
0.7539,-0.1873,14.8918
-0.1212,0.1503,15.0807
0.5852,0.3564,14.7499
-1.7286,0.4305,15.5518
-0.4221,0.8707,14.9347
-0.3294,1.5612,14.6834
0.0155,-0.2038,15.1613
-0.5101,-0.8345,15.6883
0.3206,0.2922,14.8712
0.3426,-1.7626,15.6156
2.8496,-0.5347,14.4263
-1.4922,0.7629,15.3116
1.6008,-0.1536,14.5962
-0.3557,-2.0645,16.3220
0.9664,-0.9304,15.0679
-0.6402,-1.4011,16.1337
1.3045,0.2518,14.5163
-0.1056,-0.8425,15.4727
-0.1038,-0.4804,15.3175
-0.4716,1.1538,14.8614
0.4929,1.6707,14.2270
1.4001,-0.2150,14.6881
2.2999,-0.1336,14.3540
-2.1234,1.6283,15.1607
1.9275,-0.7380,14.7381
-1.1344,0.0556,15.5177
-0.0113,-0.1222,15.1409
0.3303,0.0559,14.9527
-1.2367,-0.7212,16.0842
-0.7468,-1.6032,16.3801
-0.3584,-0.2180,15.3158
-1.1973,-2.0996,17.3984
-0.4090,0.1668,15.1797
1.1138,2.1028,13.4870
-1.6298,0.5336,15.4617
0.1116,0.1307,15.0040
1.9719,0.9307,13.7417
0.7627,0.0331,14.8083
0.3755,-2.0308,15.6996
-0.2999,0.5248,15.0099
-1.1685,-0.8674,16.1518
0.3568,0.4464,14.8015
2.2317,-1.0065,14.7616
-0.9225,1.2973,14.9644
-0.5196,0.1422,15.2307
-1.6319,0.9805,15.2648
-0.7352,-0.6433,15.7105
-2.1237,-0.4004,16.4075
1.3880,-1.2214,15.0237
-0.2464,-1.3595,15.8087
-0.4179,0.3075,15.1296
1.0006,1.6451,13.8942
-0.6729,-0.0548,15.3755
2.5630,-1.3271,14.7997
-1.7373,-0.4235,16.1731
1.6922,1.0566,13.8210
0.2346,-0.5213,15.1948
-3.1839,-1.2546,18.7486
0.7937,0.9610,14.4012
-0.3874,-1.5562,16.0274
0.6752,0.9521,14.4632
-0.4496,-0.3642,15.4199
1.1847,1.1593,14.0749
0.0404,-1.2642,15.5829
0.1957,-1.2874,15.5077
0.3529,0.7805,14.6770
-0.3514,0.5678,15.0128
-0.7542,-2.3704,17.0303
0.3990,-0.3513,15.0725
-1.8054,0.8202,15.3804
1.0474,1.8089,13.7508
2.8609,1.6735,12.1418
-2.9817,1.0456,15.5642
1.3856,-0.0255,14.6131
0.8760,-0.0289,14.7920
-0.1121,2.3381,14.3287
-0.1459,1.6145,14.5882
0.4772,-0.2086,14.9947
0.5441,-1.6544,15.4648
0.4635,0.8655,14.5969
-0.3548,0.3234,15.1012
2.5130,-2.9441,15.0779
-0.3219,0.6140,14.9866
0.7811,0.4660,14.6299
-1.9623,0.8073,15.4321
0.3128,1.0635,14.5836
0.7861,0.9348,14.4175
0.7786,1.2777,14.2510
2.0018,0.2970,14.2012
2.8710,0.2938,13.8282
0.0875,1.2451,14.6140
0.5776,0.3734,14.7462
-0.4030,-0.6849,15.5508
-0.0239,0.3742,14.9656
0.4489,0.0087,14.9276
-0.2731,-0.6434,15.4654
-0.5862,-0.6252,15.6173
0.6966,-0.5369,15.0317
1.0320,1.7461,13.8050
1.2506,-1.9080,15.2352
0.7795,0.2949,14.7008
-0.2935,0.1841,15.1308
0.9014,-1.6870,15.3115
-1.4210,-0.7345,16.2292
1.8025,1.0500,13.7530
-0.4817,-1.7241,16.2172
-1.1017,0.8964,15.1433
-0.8933,1.1662,14.9941
-0.9087,3.0064,14.5777
-0.6245,1.8004,14.7293
0.8456,-0.9314,15.1086
-0.9199,2.0653,14.7688
0.3654,-0.0640,14.9830
0.9088,2.3996,13.4857
-0.0117,-1.4351,15.6925
1.2025,0.4522,14.4610
-0.9765,0.6382,15.1977
-0.9712,-0.4552,15.7310
-1.0184,-0.5175,15.7974
-1.1479,-0.8598,16.1303
1.3780,0.8204,14.1730
-1.8862,0.3959,15.6311
-0.0070,-0.3743,15.2351
-1.0956,-2.0538,17.2029
2.3530,-0.2384,14.3968
0.3473,1.1583,14.5299
-0.0406,-1.5177,15.7510
-0.0509,1.4353,14.6069
-0.0066,-1.3229,15.6369
0.3846,-1.0240,15.3166
-0.9952,0.8858,15.1146
2.3059,1.3285,13.1054
0.1283,-0.8864,15.3789
-0.9016,-1.1462,16.1626
1.0030,0.6494,14.4526
1.3186,0.7091,14.2701
2.3875,-1.4717,14.8673
-0.7235,-0.2652,15.4986
-0.5108,-1.2560,15.9363
-0.5601,-0.4113,15.4939
1.6880,-1.1437,14.9245
-1.8591,-1.1550,17.0766
1.4151,1.3644,13.7794
2.0684,-1.4326,14.9160
-0.5134,0.6872,15.0270
-0.1618,-0.8642,15.5111
-3.6975,-0.3655,17.3468
1.3136,-0.4483,14.8042
0.5193,0.9961,14.5174
1.7444,-1.8053,15.0689
-3.0987,1.8299,15.2455
2.1384,4.0627,10.1589
-0.2171,-0.6361,15.4351
0.8212,-0.3374,14.9219
-0.2706,-0.8244,15.5493
0.1295,0.2712,14.9474
-2.8286,-0.6845,17.3129
-0.4336,1.7159,14.6790
-0.9618,2.3380,14.7245
-0.1899,-0.3644,15.3063
1.9578,-0.6012,14.6787
1.7787,-0.0489,14.4862
-0.2502,0.4832,15.0071
-1.1407,-1.6849,16.8777
-1.0406,-0.1626,15.5943
-0.0873,-1.6329,15.8410
0.7744,0.5369,14.6026
-0.7309,-0.5989,15.6823
0.5762,2.2016,13.9028
0.0935,0.2962,14.9514
0.7051,0.5010,14.6458
-0.0128,2.2691,14.2923
-0.9327,0.6004,15.1976
-1.3155,1.3314,15.0648
0.6611,0.5553,14.6412
0.2506,-1.3782,15.5153
0.9865,1.7386,13.8456
0.5581,-0.9604,15.2231
0.2664,-2.1462,15.8222
1.5012,-0.3174,14.6972
-0.7358,-1.5784,16.3501
0.2673,2.1606,14.1526
-0.2590,0.0606,15.1648
-1.4685,-0.7729,16.2998
-0.8904,-1.9315,16.8155
-0.4642,-0.7277,15.6051
-0.6865,-1.5674,16.2952
-0.2341,2.0086,14.5018
1.7363,1.2971,13.5926
-0.8573,-1.8501,16.7033
0.3864,1.0667,14.5491
-1.0379,-1.0585,16.2042
-0.5330,1.9959,14.6410
0.2772,-1.0023,15.3560
0.0932,-0.1435,15.1098
0.4530,-0.2124,15.0045
2.0717,-0.4951,14.6044
0.2291,0.2746,14.9105
-2.6603,2.6697,15.0283
-0.2109,-0.0683,15.1963
-0.6360,-1.5754,16.2544
1.1856,-0.7365,14.9396
0.0817,-0.0268,15.0715
2.2562,-0.5195,14.5660
0.2324,-0.1580,15.0641
-0.9083,0.2657,15.3257
1.6197,2.9190,12.1679
1.8709,-0.2697,14.5619
-0.0966,-1.4257,15.7426
1.2110,0.5996,14.3821
-1.0290,-0.3711,15.7109
1.1876,0.5842,14.4009
-1.1311,0.5958,15.2652
-1.5220,-2.4696,18.4110
-0.0069,-0.1620,15.1541
1.7721,-0.4374,14.6642
-1.4057,0.0131,15.6633
0.1879,-0.6072,15.2452
0.6578,3.2693,13.2637
1.2292,-0.6995,14.9148
-0.3015,0.1521,15.1457
1.1499,0.1768,14.6103
1.1812,-1.5536,15.1726
-0.4256,-3.5315,17.3639
-1.7318,2.0072,14.9955
-2.2729,-2.7422,20.5016
-0.5325,0.2971,15.1747
-0.3736,-2.1288,16.3827
-0.5911,0.3882,15.1609
-0.9607,0.1524,15.3973
-0.0433,0.6632,14.8712
1.0141,-0.2512,14.8278
0.2182,1.3389,14.5188
0.3000,0.7310,14.7171
-0.4984,-0.8751,15.7038
2.6706,0.4850,13.7439
0.1015,-0.4034,15.2031
-0.5860,-1.3056,16.0250
1.9029,0.6942,13.9714
0.5818,-0.1383,14.9334
-1.6701,-1.3395,17.1036
3.2781,-0.8226,14.4917
-1.1632,1.2480,15.0481
0.7362,0.2257,14.7443
-0.1915,2.1286,14.4419
-1.4325,-1.0117,16.4977
-0.3277,3.0982,14.2408
-0.1380,-1.8159,15.9764
1.0080,1.9429,13.6945
-0.2641,-1.1594,15.7139
-0.4269,-1.1465,15.8120
-0.0739,-2.8099,16.4570
1.2144,-0.6886,14.9157
0.8131,1.5093,14.1058
-0.8134,0.0571,15.3822
-0.3346,-1.1644,15.7613
-3.2209,2.0984,15.1839
-0.4819,-0.3889,15.4462
-0.6943,0.3082,15.2289
0.7369,-1.7523,15.4027
-2.3288,0.0692,16.0654
1.3756,-3.7122,15.5003
-1.7146,0.8573,15.3378
-1.2192,-2.3076,17.6704
-0.5089,-0.4627,15.4944
-0.0719,1.0024,14.7648
-0.4333,2.6567,14.4185
-0.2929,-0.5434,15.4292
1.0910,1.3191,14.0354
-0.0726,1.6138,14.5549
-0.1496,-1.0506,15.5917
1.3978,0.4911,14.3545
0.1969,-0.8826,15.3463
1.7673,1.3743,13.5007
3.0808,-3.4017,15.0396
1.1828,-0.6573,14.9150
-1.8781,0.0661,15.8502
-0.9564,-0.2594,15.6077
0.5271,-0.8034,15.1819
-1.0740,1.0751,15.0758
1.4893,0.1774,14.4801
0.4478,-0.3301,15.0476
-1.5848,0.2307,15.6106
0.8017,-0.0284,14.8176
0.1120,1.9925,14.3199
-0.2183,0.7352,14.9091
-2.5671,-1.5364,18.5745
0.3235,0.4647,14.8072
0.0294,2.0378,14.3510
0.4225,0.3753,14.8034
-3.0780,0.9057,15.6713
-2.0987,2.0306,15.0590
-0.2006,1.5098,14.6465
1.8440,-0.7757,14.7723
1.8997,-1.6659,15.0042
-0.9983,-1.1490,16.2447
-2.7420,2.2321,15.1071
1.0793,1.1347,14.1536
1.1325,-0.4372,14.8561
0.6162,-1.3625,15.3330
-0.5358,-1.2915,15.9773
-0.3640,1.4809,14.7217
0.7859,-1.9438,15.4371
1.1258,1.5325,13.8743
2.1723,-1.6123,14.9381
-0.9467,1.0386,15.0496
-0.8841,0.1000,15.3911
-1.3601,1.5329,15.0207
0.6690,-1.0979,15.2254
-2.4989,0.5682,15.7382
0.4376,-0.0846,14.9648
-0.3493,-0.6225,15.4931
1.1556,-0.5869,14.9000
-1.5853,-0.0340,15.7796
0.0719,-0.9845,15.4457
-1.2658,-1.4824,16.8120
-2.4066,0.3769,15.8444
0.5206,-0.5248,15.0891
-0.6107,-0.8014,15.7293
0.7342,0.2464,14.7369
1.9563,0.7862,13.8701
0.7847,-2.1261,15.4912
-0.1128,-0.1663,15.1963
-0.9894,-0.1531,15.5647
1.4962,0.3217,14.4030
3.3259,1.6479,11.7492
-0.0121,0.8684,14.7883
-1.8061,0.1661,15.7463
0.9775,0.2417,14.6476
-2.7901,0.1016,16.2538
-0.4559,2.5486,14.4586
-0.3531,0.1251,15.1751
-0.1202,0.4470,14.9741
-1.5588,-1.3943,17.0436
0.4152,-0.6236,15.1621
-1.0480,-1.9075,16.9889
0.7055,1.7953,14.0221
1.6495,-2.6752,15.2466
-0.4831,-0.5843,15.5418
-0.1383,1.1183,14.7509
-0.7475,-1.8728,16.5983
-0.8830,-0.9514,16.0048
-0.2837,-0.7341,15.5130
1.1385,0.3196,14.5507
-2.2530,-0.6382,16.7785
1.2118,-0.2302,14.7553
-0.6414,0.2991,15.2133
-0.6169,0.2339,15.2303
-0.6872,-0.0902,15.3978
0.2302,-1.1231,15.4245
-1.6072,-0.3687,16.0435
-2.7020,-0.5035,16.9428
2.3091,1.5672,12.8240
0.3939,0.9123,14.6081
0.4870,0.2637,14.8212
0.7331,-0.2103,14.9070
0.2243,0.5565,14.8106
-0.4706,2.7831,14.4070
2.3573,2.1640,11.9978
-0.8572,0.2216,15.3256
-1.8242,0.2737,15.6831
-0.2592,-0.7884,15.5261
-1.2237,1.0430,15.1292
-1.4923,0.2945,15.5369
0.3040,0.4016,14.8375
0.4457,0.0801,14.9031
0.9973,0.5976,14.4800
-1.1176,1.4407,14.9808
2.6819,-0.9112,14.6376
-0.5445,-1.1048,15.8670
0.4661,-0.0440,14.9404
-0.5159,1.0558,14.9071
1.7651,-0.1657,14.5474
-0.4466,0.6058,15.0324
0.6689,-1.3605,15.3099
-1.2138,1.0058,15.1388
-1.8359,0.0972,15.8077
0.7542,-0.4082,14.9686
2.9788,-0.1088,14.1198
-1.8915,-1.3231,17.3386
0.6246,2.0697,13.9342
-2.1013,0.9039,15.4249
-2.5267,-0.1229,16.3581
0.0626,0.5555,14.8705
-1.1128,-1.1557,16.3486
-1.3324,0.4994,15.3750
0.9573,-0.5586,14.9527
-1.1539,0.2725,15.4161
-2.1072,-0.5171,16.5233
0.4382,1.6572,14.2666
-1.2250,0.3971,15.3839
-2.0678,0.0093,15.9878
2.3143,-0.3728,14.4797
1.7678,-0.3789,14.6413
0.6715,-1.1550,15.2428
3.0160,-0.5820,14.4149
-0.1131,0.3462,15.0072
-0.5258,-1.6336,16.1956
-0.2770,-0.4770,15.3923
-1.2343,-1.0957,16.4020
3.0278,0.5700,13.4831
0.7038,-0.4699,15.0066
-1.3389,1.7470,14.9622
1.4427,0.6670,14.2323
0.2713,0.5471,14.7964
1.0640,0.9782,14.2515
1.6670,-0.2837,14.6316
0.7319,-0.1552,14.8878
-0.3530,-1.3958,15.9047
0.0189,0.5019,14.9052
-3.1159,-0.7123,17.5905
2.0955,0.9484,13.6462
-0.7667,0.5582,15.1578
-0.4684,1.3572,14.7982
1.5446,-0.0286,14.5586
-0.5848,-0.0407,15.3328
-0.0093,-0.6714,15.3544
-0.7632,-0.2262,15.4974
-0.3276,0.2376,15.1232
-0.0187,-0.7163,15.3771
-0.0150,0.0351,15.0842
-0.0762,-0.9623,15.5112
-2.3197,0.2485,15.9094
0.1382,-0.6362,15.2767
1.3846,1.4592,13.7313
3.0090,0.1467,13.9042
-0.2756,1.5314,14.6708
0.2338,-0.7140,15.2663
-0.1166,1.7662,14.5237
-2.1382,-0.0986,16.1187
0.5713,2.3977,13.8043
-0.4009,0.4966,15.0549
0.3242,-1.4792,15.5156
-0.1114,2.5383,14.2619
0.7802,0.5910,14.5769
0.0885,0.7411,14.7951
-1.7442,2.5078,14.9108
2.3907,-1.7506,14.9301
0.2278,1.0311,14.6331
0.5362,2.0396,14.0170
1.2171,2.2843,13.2455
2.1811,-2.9851,15.1429
0.0995,1.2384,14.6112
1.8849,1.5776,13.2080
-2.2214,1.0716,15.3788
1.2075,-1.3650,15.1151
1.3427,0.6311,14.3026
-0.6510,1.1287,14.9294
-0.2019,-0.9706,15.5826
0.9958,-2.3789,15.4524
0.3218,-0.6085,15.1925
-0.1880,1.2681,14.7205
-0.5469,-0.7351,15.6550
-1.7526,0.1015,15.7662
-0.5181,-1.9217,16.3902
-1.5137,0.7626,15.3184
-0.9399,-0.0661,15.4960
-0.9677,-0.4813,15.7452
-0.5883,-1.2637,15.9992
2.1517,-0.1023,14.3857
-1.1680,-2.5476,17.8588
1.3587,1.2258,13.9189
-1.4873,1.1032,15.1816
-0.6620,1.2998,14.8818
0.9886,1.1282,14.2102
-1.1499,-0.4308,15.8166
-0.1752,-1.7290,15.9585
0.1527,-0.5567,15.2405
2.1732,-0.4494,14.5561
0.3547,-1.3619,15.4550
0.6117,-0.6038,15.0836
0.5515,0.4869,14.7121
0.9517,-0.9908,15.0911
-0.9956,-1.8540,16.8710
1.8275,3.3851,11.3730
-2.1405,0.1888,15.8783
-1.7483,0.8614,15.3457
-1.3067,-1.7384,17.1396
-1.6137,-0.0621,15.8133
-2.0790,-2.9808,20.4689
0.8653,1.1184,14.2848
-1.2440,-2.3147,17.7192
-2.1852,1.5261,15.2024
-0.2964,0.7809,14.9211
-1.8707,-0.0671,15.9488
-1.6476,1.4857,15.1024
0.5593,1.7630,14.1397
-0.8474,1.1716,14.9785
2.4261,-1.7551,14.9255
-2.3242,-1.7757,18.6789
0.4444,-0.9677,15.2713
-1.0359,0.5393,15.2561
-1.9529,-0.9017,16.8490
-0.0496,0.8515,14.8082
1.2504,-2.6889,15.4010
-0.2325,-1.0566,15.6422
1.3626,0.4424,14.3964
1.4090,0.7531,14.1977
-0.0204,-0.0112,15.1032
-0.5718,0.1827,15.2340
0.8494,-1.3058,15.2213
-2.5054,-0.6476,16.9946
-0.9331,-0.4350,15.6978
-1.2082,-0.0380,15.6023
-1.3527,0.2307,15.5156
0.3941,0.2368,14.8647
-0.5862,-1.5713,16.2065
0.1537,-0.4538,15.2015
-0.0331,1.8231,14.4625
0.9096,-1.6763,15.3051
-0.7204,-1.0482,15.9544
0.3067,-2.7747,16.0472
0.1609,-0.0712,15.0588
0.0347,2.4726,14.1880
1.0061,-1.0927,15.1036
-0.6356,1.0878,14.9369
0.1865,0.8870,14.7042
-0.6940,-0.0871,15.3992
-0.3437,2.7322,14.3473
1.0770,-0.6210,14.9354
-1.7174,-0.4737,16.2054
-2.5601,0.4042,15.8816
0.4502,-0.4387,15.0847
1.7350,1.5021,13.4119
-0.9580,1.5186,14.9139
0.1024,-3.2001,16.4354
1.6722,0.2783,14.3530
-0.7144,-0.1248,15.4257
-0.9461,-2.2661,17.2066
1.4907,-0.2355,14.6672
0.3315,0.3896,14.8318
0.1365,2.4325,14.1324
1.5862,-1.5790,15.0596
1.2185,-1.9886,15.2652
1.6474,-1.8258,15.0975
2.4953,-0.3246,14.4025
-0.4470,0.6237,15.0263
0.6132,1.1002,14.4261
3.3808,-0.6152,14.3609
0.1343,0.8637,14.7334
-0.5082,-0.8928,15.7196
0.0473,0.1589,15.0169
-0.9919,1.1707,15.0222
-1.0274,2.3256,14.7495
0.8997,-0.0899,14.8067
-1.3127,-1.7040,17.1083
0.2771,0.8358,14.6867
0.6216,0.6118,14.6341
1.1923,-0.6037,14.8945
0.1112,-1.8942,15.8246
-0.3404,-0.7975,15.5735
0.3677,-1.1964,15.3871
-1.6559,-0.4408,16.1354
-2.5856,-0.4162,16.7424
-1.2462,0.0578,15.5652
0.0101,0.6620,14.8522
0.4270,-0.6155,15.1548
-0.8471,0.0300,15.4088
0.7622,-1.1645,15.2109
-1.2662,-0.0171,15.6170
0.1530,-0.5006,15.2192
-0.9413,0.5232,15.2304
1.1843,1.4350,13.8969
-0.4325,1.4662,14.7523
-1.7961,1.3090,15.1897
1.1120,-1.4242,15.1617
-0.9115,-2.2028,17.0964
0.2585,1.5788,14.4025
-1.9071,-0.5048,16.3663
-0.2036,1.4496,14.6673
-0.6152,-0.6857,15.6664
0.6174,0.5751,14.6508
1.1986,2.3083,13.2468
-0.4069,-0.0332,15.2584
2.6676,0.6413,13.5951
2.0104,0.0188,14.3672
0.4870,1.5879,14.2694
0.9423,1.1621,14.2182
-0.0379,-0.7120,15.3841
3.2009,0.0599,13.9133
-2.1383,-1.6611,18.1885
-1.8753,2.0946,15.0065
1.1105,-1.3864,15.1520
0.7986,-2.7597,15.6618
-2.0036,-0.2408,16.1726
-1.0885,-1.1245,16.3008
2.5006,-1.7521,14.9135
0.0282,0.1293,15.0344
0.8532,-0.6005,15.0002
2.9063,-0.2665,14.2511
-0.4042,-0.2865,15.3648
-1.1452,0.0229,15.5399
1.9558,-1.1292,14.8583
-1.0668,-2.3558,17.4801
1.5350,-0.1794,14.6292
0.9928,0.9141,14.3238
1.1946,-1.1210,15.0523
0.2306,-0.2511,15.0982
0.3943,0.1874,14.8826
1.5470,-1.1403,14.9590
-0.8028,0.3263,15.2610
-2.0272,-0.5979,16.5538
-0.3845,-0.7940,15.5957
-1.0737,-1.3968,16.5269
-0.4307,-1.9623,16.3297
-0.3679,0.0195,15.2220
-1.8192,-1.6478,17.7104
0.2256,-1.1402,15.4335
0.0774,1.1573,14.6503
0.6838,-0.8382,15.1357
-1.2782,-0.1030,15.6740
0.7573,1.2198,14.2926
2.6396,-2.9630,15.0608
-2.0977,1.2862,15.2650
-0.457